Date,Open,High,Low,Close,Volume
8/3/2015 16:00:00,104.59,104.82,104.05,104.1,3528596
8/4/2015 16:00:00,104.56,104.75,103.95,104.31,3241016
8/5/2015 16:00:00,104.42,104.5,103.78,103.93,5041015
8/6/2015 16:00:00,104.15,104.86,104.14,104.39,3908124
8/7/2015 16:00:00,104.56,105.38,104.55,104.65,4400915
8/10/2015 16:00:00,105.03,106.27,104.92,105.72,5892602
8/11/2015 16:00:00,106.49,106.63,105.77,106.26,4060892
8/12/2015 16:00:00,106.99,107.91,106.93,107.75,10022547
8/13/2015 16:00:00,106.95,107.18,106.71,106.86,4761682
8/14/2015 16:00:00,107.07,107.41,106.54,106.85,3509238
8/17/2015 16:00:00,107.37,107.51,107,107.13,5769080
8/18/2015 16:00:00,106.67,107.33,106.31,107.11,4121839
8/19/2015 16:00:00,107.63,108.67,107.63,108.55,7035087
8/20/2015 16:00:00,109.81,110.61,109.7,110.44,12549017
8/21/2015 16:00:00,110.93,111.33,110.12,111.13,13917638
8/24/2015 16:00:00,111.54,112.12,109.77,110.53,18388730
8/25/2015 16:00:00,110.01,110.05,108.72,109.16,9974186
8/26/2015 16:00:00,107.72,108.06,107.08,107.67,10856643
8/27/2015 16:00:00,107.33,108.04,107.11,107.73,8102071
8/28/2015 16:00:00,108.17,109.3,108.12,108.7,7558923
8/31/2015 16:00:00,108.19,108.92,108.03,108.82,4532081
9/1/2015 16:00:00,109.63,109.77,108.94,109.2,7077848
9/2/2015 16:00:00,109.01,109.34,108.46,108.62,4115731
9/3/2015 16:00:00,107.77,108.32,107.56,107.84,3913100
9/4/2015 16:00:00,107.14,107.56,107.07,107.49,4025022
9/8/2015 16:00:00,107.6,107.94,107.31,107.52,5982061
9/9/2015 16:00:00,106.64,106.71,105.48,106.13,8855138
9/10/2015 16:00:00,106.61,106.7,106.18,106.38,6203955
9/11/2015 16:00:00,105.65,106.2,105.27,106.16,4023894
9/14/2015 16:00:00,105.86,106.39,105.78,106.22,2350848
9/15/2015 16:00:00,105.83,106.06,105.68,105.9,2904958
9/16/2015 16:00:00,106.6,107.71,106.56,107.31,5315633
9/17/2015 16:00:00,107.07,108.58,106.96,108.41,8403849
9/18/2015 16:00:00,109.1,109.38,108.82,109.21,6794284
9/21/2015 16:00:00,108.49,108.66,108.33,108.53,4104752
9/22/2015 16:00:00,107.58,107.96,107.44,107.79,5483262
9/23/2015 16:00:00,108.54,108.64,108.2,108.22,2744177
9/24/2015 16:00:00,109.67,110.82,109.63,110.49,11024343
9/25/2015 16:00:00,109.87,110.03,109.55,109.81,5209493
9/28/2015 16:00:00,108.37,108.91,108.27,108.42,3809622
9/29/2015 16:00:00,108.24,108.69,107.88,107.98,4043592
9/30/2015 16:00:00,106.78,107.08,106.47,106.86,7405576
10/1/2015 16:00:00,106.98,107.21,106.63,106.73,4278592
10/2/2015 16:00:00,108.54,109.32,108.54,108.99,7730647
10/5/2015 16:00:00,109.14,109.38,108.46,108.77,5490200
10/6/2015 16:00:00,109.8,110.26,109.63,109.86,7513898
10/7/2015 16:00:00,109.75,110.14,109.34,109.7,5355489
10/8/2015 16:00:00,109.16,110.27,109.06,109.14,5038194
10/9/2015 16:00:00,110.54,111.05,110.23,110.87,7907263
10/12/2015 16:00:00,111.67,111.73,111.01,111.31,6257945
10/13/2015 16:00:00,111.36,111.87,111.28,111.86,5149627
10/14/2015 16:00:00,112.63,113.95,112.3,113.81,10207765
10/15/2015 16:00:00,113.2,113.99,112.94,113.29,14083929
10/16/2015 16:00:00,113.24,113.44,112.43,112.49,7328038
10/19/2015 16:00:00,112.64,112.69,111.89,112.02,3959383
10/20/2015 16:00:00,112.38,113.09,112.38,112.73,4903225
10/21/2015 16:00:00,112.37,112.37,111.41,111.73,3908787
10/22/2015 16:00:00,111.52,112.21,111.43,111.69,3436365
10/23/2015 16:00:00,111.81,111.84,110.96,111.5,4868351
10/26/2015 16:00:00,111.73,111.98,111.33,111.43,2573512
10/27/2015 16:00:00,111.31,111.81,111.29,111.68,2646105
10/28/2015 16:00:00,112.68,113.25,110.31,110.78,8201197
10/29/2015 16:00:00,110.23,110.6,109.66,109.72,5150835
10/30/2015 16:00:00,109.5,109.58,109.06,109.3,5543162
11/2/2015 16:00:00,108.64,108.84,108.46,108.59,5843311
11/3/2015 16:00:00,107.79,107.81,106.68,106.98,7145264
11/4/2015 16:00:00,107.02,107.09,105.92,105.97,7617813
11/5/2015 16:00:00,106.01,106.1,105.58,105.64,5931124
11/6/2015 16:00:00,104.17,104.42,104.02,104.1,8831874
11/9/2015 16:00:00,104.3,104.58,104.19,104.4,4129199
11/10/2015 16:00:00,104.09,104.65,103.87,104.18,4450764
11/11/2015 16:00:00,104.09,104.23,103.78,103.83,3527590
11/12/2015 16:00:00,103.09,104.32,103.04,103.85,6300546
11/13/2015 16:00:00,103.54,103.74,103.45,103.56,3224207
11/16/2015 16:00:00,103.98,104.03,103.52,103.71,2951109
11/17/2015 16:00:00,103.38,103.4,101.98,102.34,8593070
11/18/2015 16:00:00,102.39,102.95,102.04,102.43,5043766
11/19/2015 16:00:00,103.07,104.09,103.07,103.56,5087639
11/20/2015 16:00:00,103.58,103.66,102.97,103.09,5971643
11/23/2015 16:00:00,102.48,102.75,102.16,102.26,4042473
11/24/2015 16:00:00,103.12,103.25,102.69,102.94,3479620
11/25/2015 16:00:00,102.47,102.69,102.21,102.46,2931291
11/27/2015 16:00:00,101.01,101.62,100.99,101.25,4993553
11/30/2015 16:00:00,101.53,102.38,101.52,101.92,6772983
12/1/2015 16:00:00,102.3,102.43,101.81,102.28,4645916
12/2/2015 16:00:00,101.35,101.35,100.53,100.69,10223492
12/3/2015 16:00:00,101.23,101.97,100.85,101.76,6499935
12/4/2015 16:00:00,102.74,104.21,102.65,104.02,10670249
12/7/2015 16:00:00,103.32,103.37,102.5,102.67,4393461
12/8/2015 16:00:00,103.13,103.26,102.53,102.84,3412291
12/9/2015 16:00:00,103.63,103.66,102.32,102.64,6026283
12/10/2015 16:00:00,102.51,102.83,102.34,102.55,3853545
12/11/2015 16:00:00,101.91,103.32,101.85,103.11,6798411
12/14/2015 16:00:00,102.58,102.72,101.74,101.79,5563778
12/15/2015 16:00:00,101.71,102.06,101.41,101.52,6831064
12/16/2015 16:00:00,102.59,103.2,101.66,102.75,8292194
12/17/2015 16:00:00,100.92,100.99,100.23,100.5,10156223
12/18/2015 16:00:00,101.35,102.53,101.3,102.04,8345864
12/21/2015 16:00:00,102.95,103.52,102.83,103.15,6378892
12/22/2015 16:00:00,103.09,103.2,102.56,102.61,4123512
12/23/2015 16:00:00,102.4,102.59,102.21,102.31,2821380
12/24/2015 16:00:00,102.82,103.05,102.77,103.05,1710153
12/28/2015 16:00:00,102.48,102.6,102.03,102.27,3356190
12/29/2015 16:00:00,102.52,102.58,102.11,102.2,2832238
12/30/2015 16:00:00,101.47,101.6,101.35,101.42,3744959
12/31/2015 16:00:00,101.48,101.72,101.31,101.46,3823564
1/4/2016 16:00:00,103.13,103.67,102.49,102.89,6439982
1/5/2016 16:00:00,103.13,103.46,102.93,103.18,3500272
1/6/2016 16:00:00,104.37,104.8,103.93,104.67,9316599
1/7/2016 16:00:00,105.83,106.24,105.19,106.15,11730376
1/8/2016 16:00:00,105.48,105.8,105.04,105.68,7678153
1/11/2016 16:00:00,105.47,105.57,104.71,104.74,6272359
1/12/2016 16:00:00,104.09,104.59,103.65,104.21,5540231
1/13/2016 16:00:00,103.89,104.82,103.78,104.72,7324203
1/14/2016 16:00:00,103.75,104.18,102.5,103.02,9989065
1/15/2016 16:00:00,104.92,104.96,103.97,104.08,10052735
1/19/2016 16:00:00,104.06,104.45,103.65,103.98,4588405
1/20/2016 16:00:00,105.17,106.16,104.94,105.37,10120876
1/21/2016 16:00:00,104.99,105.49,104.52,105.49,5425032
1/22/2016 16:00:00,104.93,105.51,104.76,105,4185326
1/25/2016 16:00:00,105.76,106.09,105.6,106.08,6819409
1/26/2016 16:00:00,106.32,107.43,106.26,107.29,8443381
1/27/2016 16:00:00,106.86,107.93,106.65,107.69,8273353
1/28/2016 16:00:00,106.55,106.86,106.48,106.54,5914192
1/29/2016 16:00:00,106.61,107,106.26,106.95,8098682
2/1/2016 16:00:00,107.54,108.15,107.53,108.05,10471814
2/2/2016 16:00:00,107.92,108.18,107.35,108.09,6656018
2/3/2016 16:00:00,107.91,109.58,107.9,109.25,15785215
2/4/2016 16:00:00,110.45,110.7,109.92,110.57,13213681
2/5/2016 16:00:00,109.79,112.35,109.58,112.32,14777267
2/8/2016 16:00:00,113.67,114.87,113.39,113.83,28341176
2/9/2016 16:00:00,114.43,114.69,113.55,113.58,18156696
2/10/2016 16:00:00,113.92,114.52,112.98,114.46,13311118
2/11/2016 16:00:00,118.59,120.84,117.77,119.06,49138983
2/12/2016 16:00:00,118.12,118.74,117.88,118.36,16981163
2/16/2016 16:00:00,116,116.31,114.74,114.77,14601662
2/17/2016 16:00:00,115.47,116.07,114.89,115.48,10582440
2/18/2016 16:00:00,115.3,118.6,115.29,118.29,13586529
2/19/2016 16:00:00,117.26,117.97,117.1,117.58,15191950
2/22/2016 16:00:00,115.44,116.19,115.41,115.49,10677842
2/23/2016 16:00:00,116.68,117.42,116.52,117.22,9033429
2/24/2016 16:00:00,119,119.86,117.35,117.61,17938767
2/25/2016 16:00:00,117.62,118.91,117.54,117.92,12500275
2/26/2016 16:00:00,117.43,117.72,115.86,117.11,12505077
2/29/2016 16:00:00,117.59,118.7,117.53,118.64,11517545
3/1/2016 16:00:00,118.74,119.11,117.34,117.77,14139278
3/2/2016 16:00:00,118.34,118.97,118.07,118.68,8903045
3/3/2016 16:00:00,118.86,121.3,118.81,120.73,18724053
3/4/2016 16:00:00,121.13,122.37,120.22,120.54,16261054
3/7/2016 16:00:00,121.18,121.58,120.41,121.14,9358611
3/8/2016 16:00:00,121.79,121.88,120.47,120.58,11530989
3/9/2016 16:00:00,119.2,120.39,118.84,119.58,8672862
3/10/2016 16:00:00,120.5,121.76,120.42,121.5,18104896
3/11/2016 16:00:00,121.19,121.39,119.36,119.41,10812322
3/14/2016 16:00:00,120.27,120.31,117.5,117.87,14236159
3/15/2016 16:00:00,117.78,118.04,117.36,117.96,9941816
3/16/2016 16:00:00,117.42,120.76,117.34,120.59,17333961
3/17/2016 16:00:00,121.16,121.18,120.03,120.13,1444650
3/18/2016 16:00:00,119.59,120.34,119.51,119.8,16965893
3/21/2016 16:00:00,119,119.33,118.73,118.96,7240640
3/22/2016 16:00:00,119.73,120.16,118.96,119.31,6786752
3/23/2016 16:00:00,116.74,117.12,116.16,116.61,15993672
3/24/2016 16:00:00,116.77,116.94,116.3,116.33,6280937
3/28/2016 16:00:00,116.73,116.91,116.27,116.6,3879076
3/29/2016 16:00:00,117.36,118.81,116.8,118.76,14472350
3/30/2016 16:00:00,117.88,118.2,116.91,117.1,10769071
3/31/2016 16:00:00,118.16,118.39,117.6,117.64,9348249
4/1/2016 16:00:00,116.08,116.98,115.55,116.93,10405379
4/4/2016 16:00:00,116.67,116.73,116.07,116.15,7643738
4/5/2016 16:00:00,117.76,117.93,117.15,117.66,8865906
4/6/2016 16:00:00,116.7,117.39,116.26,116.94,7549435
4/7/2016 16:00:00,118.65,118.85,115,118.61,11900452
4/8/2016 16:00:00,118.07,118.77,117.98,118.43,9078874
4/11/2016 16:00:00,119.47,120.3,119.42,120.03,9845964
4/12/2016 16:00:00,120.23,120.35,119.55,120.05,9689464
4/13/2016 16:00:00,119.37,119.43,118.56,118.77,8841545
4/14/2016 16:00:00,118.09,118.19,116.95,117.11,13165804
4/15/2016 16:00:00,117.33,118.12,117.19,117.92,7838146
4/18/2016 16:00:00,118.53,118.56,117.63,117.74,5809803
4/19/2016 16:00:00,119.87,120.09,119.37,119.58,21031520
4/20/2016 16:00:00,119.67,120.08,118.72,118.97,10233193
4/21/2016 16:00:00,120.42,120.55,119.13,119.42,14612767
4/22/2016 16:00:00,118.71,119.02,117.28,117.89,10047007
4/25/2016 16:00:00,118.14,118.71,118.11,118.23,4369353
4/26/2016 16:00:00,118.79,118.89,118.45,118.7,9906835
4/27/2016 16:00:00,118.97,119.7,118.43,119.04,7976411
4/28/2016 16:00:00,119.92,121.42,119.73,121.29,15133641
4/29/2016 16:00:00,122.43,123.93,122.34,123.65,19043902
5/2/2016 16:00:00,123.78,123.96,123.05,123.24,12137459
5/3/2016 16:00:00,123.73,123.82,122.51,122.96,9063588
5/4/2016 16:00:00,122.85,123.23,121.51,122.21,9398242
5/5/2016 16:00:00,122.63,122.73,121.25,122.07,8846907
5/6/2016 16:00:00,122.83,123.81,122.59,123.18,11366823
5/9/2016 16:00:00,121.2,121.29,120.59,120.65,9236166
5/10/2016 16:00:00,120.74,121.38,120.08,120.98,9844957
5/11/2016 16:00:00,121.85,122.16,121.38,122.12,7590081
5/12/2016 16:00:00,122.02,122.39,121,121.16,7447120
5/13/2016 16:00:00,121.09,121.86,120.66,121.71,7672825
5/16/2016 16:00:00,122.93,122.97,121.38,121.8,7103042
5/17/2016 16:00:00,121.58,122.52,121.48,122.22,8619848
5/18/2016 16:00:00,121.22,121.92,119.88,120.1,13381728
5/19/2016 16:00:00,119,119.98,118.92,119.87,14339652
5/20/2016 16:00:00,120.19,120.32,119.31,119.71,10379355
5/23/2016 16:00:00,118.86,119.6,118.75,119.37,8628234
5/24/2016 16:00:00,118.17,118.23,117.25,117.3,12772047
5/25/2016 16:00:00,116.59,117.06,116.32,116.98,10499963
5/26/2016 16:00:00,117.57,117.63,116.39,116.58,5893510
5/27/2016 16:00:00,116.27,116.36,115.29,115.62,8686689
5/31/2016 16:00:00,115.76,116.4,115.5,116.06,8187605
6/1/2016 16:00:00,115.97,116.14,115.2,115.94,8399598
6/2/2016 16:00:00,115.78,115.97,115.58,115.67,4591562
6/3/2016 16:00:00,118.25,118.89,118.23,118.88,14605056
6/6/2016 16:00:00,118.89,119.17,118.46,118.92,9887863
6/7/2016 16:00:00,118.5,119.02,118.41,118.82,4602865
6/8/2016 16:00:00,120.3,120.78,120.23,120.58,11661736
6/9/2016 16:00:00,120.61,121.48,120.55,121.25,12173954
6/10/2016 16:00:00,121.55,122.1,121.18,121.74,13939966
6/13/2016 16:00:00,122.8,122.83,122.03,122.64,12594223
6/14/2016 16:00:00,123,123.06,122.3,122.77,11651694
6/15/2016 16:00:00,122.52,123.87,122.38,123.68,15053005
6/16/2016 16:00:00,125.17,125.67,122.23,122.38,26635004
6/17/2016 16:00:00,123.26,124.1,122.69,123.95,15573825
6/20/2016 16:00:00,122.26,123.33,122.13,123.21,11866200
6/21/2016 16:00:00,121.65,121.86,120.77,120.84,14585633
6/22/2016 16:00:00,120.83,121.25,120.68,120.9,7861000
6/23/2016 16:00:00,120.48,121.03,120.06,120.11,10704904
6/24/2016 16:00:00,126.62,126.82,125,126.01,35782892
6/27/2016 16:00:00,126.44,127.05,125.83,126.68,21400484
6/28/2016 16:00:00,125.56,126.02,125.06,125.32,16001451
6/29/2016 16:00:00,125.91,126.81,125.7,125.84,12218444
6/30/2016 16:00:00,125.95,126.52,125.5,126.47,15981577
7/1/2016 16:00:00,127.66,128.42,127.44,128.41,14940706
7/5/2016 16:00:00,128.8,129.59,128.17,129.47,19026247
7/6/2016 16:00:00,130.5,131.15,129.82,130.23,17376671
7/7/2016 16:00:00,129.82,130.12,128.98,129.74,16508526
7/8/2016 16:00:00,129.85,130.52,128.97,130.52,17634218
7/11/2016 16:00:00,129.49,129.9,129.16,129.29,10855630
7/12/2016 16:00:00,128.52,128.54,126.99,127.15,26459620
7/13/2016 16:00:00,128,128.43,127.61,128.32,7377686
7/14/2016 16:00:00,126.31,127.37,126.03,127.33,12132423
7/15/2016 16:00:00,126.38,127.19,126.33,126.84,13892073
7/18/2016 16:00:00,127.02,127.5,126.63,127.04,8489677
7/19/2016 16:00:00,126.95,127.35,126.82,127.21,5170665
7/20/2016 16:00:00,125.5,126.12,125.31,125.39,11777708
7/21/2016 16:00:00,125.66,127.37,125.6,127.3,9399212
7/22/2016 16:00:00,126.43,126.52,126.01,126.35,7716032
7/25/2016 16:00:00,125.53,126.21,125.11,125.47,13139408
7/26/2016 16:00:00,126.09,126.14,125.75,126,7613155
7/27/2016 16:00:00,126.79,128.12,126.04,128.03,17066363
7/28/2016 16:00:00,128.09,128.2,127.21,127.66,9261756
7/29/2016 16:00:00,128.42,129.41,127.88,128.98,13708194
8/1/2016 16:00:00,128.57,129.34,128.56,129.22,7109898
8/2/2016 16:00:00,130.04,130.55,129.94,130.27,7652767
8/3/2016 16:00:00,129.95,129.96,129.27,129.65,5010703
8/4/2016 16:00:00,130.01,130.28,129.82,129.87,4908131
8/5/2016 16:00:00,128.46,128.55,127.39,127.55,16205122
8/8/2016 16:00:00,127.29,127.7,127.27,127.44,6773804
8/9/2016 16:00:00,127.94,128.14,127.75,127.96,7500421
8/10/2016 16:00:00,129.12,129.2,128.15,128.56,6196202
8/11/2016 16:00:00,128.61,129.19,127.48,127.67,9763821
8/12/2016 16:00:00,129.12,129.26,127.2,127.4,15395846
8/15/2016 16:00:00,127.62,128.25,127.6,127.84,4530841
8/16/2016 16:00:00,128.12,129.04,128,128.47,8678143
8/17/2016 16:00:00,128.17,128.99,127.46,128.5,12034752
8/18/2016 16:00:00,128.89,129.17,128.58,129.11,9500636
8/19/2016 16:00:00,128.08,128.67,127.86,127.97,10660119
8/22/2016 16:00:00,127.63,127.92,127.45,127.78,8627222
8/23/2016 16:00:00,128.14,128.22,127.61,127.76,9038482
8/24/2016 16:00:00,126.92,126.97,126.3,126.34,13539655
8/25/2016 16:00:00,125.98,126.31,125.96,126.23,5926294
8/26/2016 16:00:00,126.88,128.11,125.82,126.05,17967738
8/29/2016 16:00:00,126,126.48,125.93,126.3,5562409
8/30/2016 16:00:00,125.73,125.95,124.88,125.03,9877044
8/31/2016 16:00:00,124.73,125.11,124.64,124.78,13324105
9/1/2016 16:00:00,124.67,125.51,124.55,125.29,12877745
9/2/2016 16:00:00,126.29,126.57,125.58,126.57,11318572
9/6/2016 16:00:00,127.4,129.08,127.27,128.71,15115279
9/7/2016 16:00:00,128.79,128.86,128.12,128.27,8859847
9/8/2016 16:00:00,128.16,128.52,127.4,127.59,10561791
9/9/2016 16:00:00,127.24,127.51,126.7,126.75,12485597
9/12/2016 16:00:00,126.31,126.92,125.97,126.59,11140336
9/13/2016 16:00:00,126.47,126.6,125.53,125.75,8866372
9/14/2016 16:00:00,126.1,126.54,126.03,126.18,5820694
9/15/2016 16:00:00,125.73,126.1,124.91,125.37,12978856
9/16/2016 16:00:00,124.81,125.25,124.67,125.06,18995065
9/19/2016 16:00:00,125.61,125.62,125.25,125.32,4959637
9/20/2016 16:00:00,125.31,125.59,125.17,125.44,5672021
9/21/2016 16:00:00,126.33,127.42,125.96,127.27,13646448
9/22/2016 16:00:00,127.57,128.2,127.5,127.57,15188007
9/23/2016 16:00:00,127.6,127.86,127.43,127.65,7702291
9/26/2016 16:00:00,127.96,128.04,127.42,127.55,5842740
9/27/2016 16:00:00,126.86,126.9,126.34,126.62,6220662
9/28/2016 16:00:00,126.25,126.4,125.73,126.22,6757652
9/29/2016 16:00:00,125.84,126.34,125.54,126.07,7448407
9/30/2016 16:00:00,126.52,126.55,125.24,125.64,11204261
10/3/2016 16:00:00,125.32,125.46,124.9,125.32,9044105
10/4/2016 16:00:00,123.16,123.18,120.86,120.97,24372722
10/5/2016 16:00:00,121.33,121.59,120.4,120.78,14718120
10/6/2016 16:00:00,119.69,119.98,119.24,119.66,17917672
10/7/2016 16:00:00,120.49,120.58,118.42,119.74,17907270
10/10/2016 16:00:00,120.16,120.42,119.92,120.16,4514368
10/11/2016 16:00:00,119.92,120.16,119.53,119.55,6065330
10/12/2016 16:00:00,119.72,120.07,119.29,119.74,4848622
10/13/2016 16:00:00,120,120.42,119.8,120.03,7184647
10/14/2016 16:00:00,119.37,120.16,119.29,119.36,6577309
10/17/2016 16:00:00,119.7,119.92,119.58,119.68,4777878
10/18/2016 16:00:00,120.08,120.64,119.82,120.42,4919730
10/19/2016 16:00:00,121.13,121.46,120.89,121.11,6019772
10/20/2016 16:00:00,121.39,121.59,120.63,120.74,6496724
10/21/2016 16:00:00,120.9,120.93,120.55,120.83,6707783
10/24/2016 16:00:00,121.28,121.3,120.16,120.56,5481119
10/25/2016 16:00:00,120.89,121.76,120.86,121.47,6141110
10/26/2016 16:00:00,121.37,121.53,120.61,120.79,3905914
10/27/2016 16:00:00,121.11,121.18,120.75,121.01,4335994
10/28/2016 16:00:00,121.2,122.48,120.81,121.58,11639887
10/31/2016 16:00:00,121.51,122,121.23,121.94,7722055
11/1/2016 16:00:00,122.8,123.21,122.57,122.73,13384307
11/2/2016 16:00:00,123.76,124.76,123.56,123.64,15692420
11/3/2016 16:00:00,123.36,124.33,123.35,124.3,10093107
11/4/2016 16:00:00,124.4,124.54,124.04,124.39,8594613
11/7/2016 16:00:00,122.66,122.71,121.88,122.15,10014986
11/8/2016 16:00:00,122.12,123.09,121.36,121.64,9480647
11/9/2016 16:00:00,124.3,124.35,121.11,121.56,18236450
11/10/2016 16:00:00,121.52,121.54,119.38,119.75,22267962
11/11/2016 16:00:00,119.65,119.69,116.23,117.1,20381828
11/14/2016 16:00:00,116.12,117.14,115.49,116.11,20729377
11/15/2016 16:00:00,116.46,117.24,116.29,117.12,9348572
11/16/2016 16:00:00,117.27,117.27,116.58,116.77,5486129
11/17/2016 16:00:00,116.91,117.22,115.44,116.17,10342274
11/18/2016 16:00:00,115.52,115.77,114.96,115.15,10444285
11/21/2016 16:00:00,115.72,115.94,115.29,115.58,6654155
11/22/2016 16:00:00,115.72,115.79,114.98,115.54,6391928
11/23/2016 16:00:00,113.87,113.88,112.65,113.25,20982117
11/25/2016 16:00:00,113.42,113.51,112.35,112.61,5345889
11/28/2016 16:00:00,113.23,113.84,112.77,113.8,5655402
11/29/2016 16:00:00,112.76,113.48,112.69,113.27,7438616
11/30/2016 16:00:00,112.69,112.79,111.5,111.75,10925538
12/1/2016 16:00:00,111.11,111.99,110.63,111.54,10236970
12/2/2016 16:00:00,111.89,112.32,111.78,112.14,7416468
12/5/2016 16:00:00,111.15,112.11,110.31,111.54,10187891
12/6/2016 16:00:00,111.69,112.03,111.19,111.43,5533689
12/7/2016 16:00:00,112.13,112.5,111.77,111.83,4901840
12/8/2016 16:00:00,111.72,111.87,111.46,111.57,5977792
12/9/2016 16:00:00,111.18,111.25,110.19,110.4,10507697
12/12/2016 16:00:00,110.59,111.11,110.27,110.82,6156717
12/13/2016 16:00:00,110.57,110.79,110.06,110.45,7961600
12/14/2016 16:00:00,110.95,110.98,108.52,108.83,12933647
12/15/2016 16:00:00,107.85,107.99,107,107.34,14427539
12/16/2016 16:00:00,107.95,108.78,107.48,108.05,10602807
12/19/2016 16:00:00,108.6,108.88,108.34,108.59,5339066
12/20/2016 16:00:00,107.47,108,107.29,107.79,7321100
12/21/2016 16:00:00,108.25,108.31,107.68,107.85,5188680
12/22/2016 16:00:00,107.68,108.1,107.49,107.59,4942759
12/23/2016 16:00:00,107.84,108.25,107.8,107.93,5012242
12/27/2016 16:00:00,108.61,108.67,108.24,108.56,3685504
12/28/2016 16:00:00,108.4,108.91,108.29,108.86,5091228
12/29/2016 16:00:00,109.23,110.53,109.16,110.29,7563896
12/30/2016 16:00:00,110.38,110.62,109.53,109.61,8873725
1/3/2017 16:00:00,109.62,111,109.37,110.47,7527353
1/4/2017 16:00:00,111.06,111.22,110.61,110.86,4904119
1/5/2017 16:00:00,112.16,112.94,112.07,112.58,9606761
1/6/2017 16:00:00,111.81,112.38,111.57,111.75,7686070
1/9/2017 16:00:00,112.39,113.04,112.18,112.67,5674636
1/10/2017 16:00:00,112.94,113.45,112.64,113.15,6093404
1/11/2017 16:00:00,112.87,114.19,112.17,113.5,9918689
1/12/2017 16:00:00,114.52,114.93,113.81,113.91,8457319
1/13/2017 16:00:00,113.65,114.31,113.19,114.21,7261454
1/17/2017 16:00:00,115.89,115.96,115.5,115.85,9142370
1/18/2017 16:00:00,115.74,115.92,114.56,114.87,6498109
1/19/2017 16:00:00,114.32,114.96,113.94,114.77,6437008
1/20/2017 16:00:00,114.65,115.76,114.32,115.05,12261510
1/23/2017 16:00:00,115.51,116.17,115.2,115.79,6373102
1/24/2017 16:00:00,115.69,116.02,114.94,115.27,5798840
1/25/2017 16:00:00,114.14,114.44,113.68,114.32,6697523
1/26/2017 16:00:00,113.24,113.51,112.83,113.26,5390463
1/27/2017 16:00:00,112.93,113.55,112.81,113.49,6706570
1/30/2017 16:00:00,113.61,114.3,113.54,113.97,7687782
1/31/2017 16:00:00,115.27,115.82,115.18,115.55,10421882
2/1/2017 16:00:00,114.66,115.45,114.14,115.2,6932889
2/2/2017 16:00:00,116.26,116.57,115.63,115.84,7189461
2/3/2017 16:00:00,115.73,116.37,115.71,116.13,9455464
2/6/2017 16:00:00,117.07,117.74,116.74,117.7,8547843
2/7/2017 16:00:00,117.31,117.74,117.2,117.46,8621039
2/8/2017 16:00:00,118.09,118.59,117.81,118.19,9633443
2/9/2017 16:00:00,118.32,118.58,117.2,117.29,8177210
2/10/2017 16:00:00,116.68,117.86,116.67,117.6,9072146
2/13/2017 16:00:00,116.73,116.95,116.15,116.8,7354924
2/14/2017 16:00:00,117.51,117.56,116.38,116.93,6927842
2/15/2017 16:00:00,116.33,117.48,116.25,117.45,7088419
2/16/2017 16:00:00,117.93,118.35,117.83,118.08,6378650
2/17/2017 16:00:00,118.19,118.4,117.62,117.68,7338065
2/21/2017 16:00:00,117.04,118,116.77,117.75,6166875
2/22/2017 16:00:00,117.86,118.02,117.24,117.91,6057179
2/23/2017 16:00:00,118.76,119.16,118.68,118.94,7523304
2/24/2017 16:00:00,119.74,119.88,119.25,119.7,9808957
2/27/2017 16:00:00,119.73,120.4,119.12,119.12,9263499
2/28/2017 16:00:00,119.71,119.84,118.82,119.23,8727832
3/1/2017 16:00:00,117.98,119.12,117.95,119.06,8679637
3/2/2017 16:00:00,117.76,118.34,117.23,117.58,10986262
3/3/2017 16:00:00,116.95,117.73,116.44,117.51,10665818
3/6/2017 16:00:00,117.35,117.35,116.63,116.72,4883547
3/7/2017 16:00:00,116.13,116.25,115.62,115.78,6846277
3/8/2017 16:00:00,114.99,115.36,114.95,115.06,7620924
3/9/2017 16:00:00,114.78,115.03,114.41,114.47,6410916
3/10/2017 16:00:00,114.45,114.73,114.13,114.72,7929500
3/13/2017 16:00:00,114.63,114.91,114.51,114.74,5807391
3/14/2017 16:00:00,114.54,115.01,114.03,114.12,5301810
3/15/2017 16:00:00,114.29,116.25,114.02,116.25,13524082
3/16/2017 16:00:00,117.27,117.29,116.69,116.73,9322018
3/17/2017 16:00:00,117.04,117.27,116.91,116.99,4683039
3/20/2017 16:00:00,117.31,117.6,117.21,117.56,4000202
3/21/2017 16:00:00,117.77,118.8,117.76,118.54,9567932
3/22/2017 16:00:00,118.87,119.15,118.68,118.83,7287350
3/23/2017 16:00:00,119.15,119.25,118.32,118.67,6201129
3/24/2017 16:00:00,118.5,119.21,118.39,118.86,6879634
3/27/2017 16:00:00,119.93,120.08,119.27,119.53,8519573
3/28/2017 16:00:00,119.74,119.83,118.78,119.04,7112787
3/29/2017 16:00:00,119.22,119.45,119.05,119.33,4911042
3/30/2017 16:00:00,118.77,119.12,118.32,118.47,6894572
3/31/2017 16:00:00,118.61,119.08,118.46,118.72,8520847
4/3/2017 16:00:00,118.69,119.37,118.67,119.35,6105704
4/4/2017 16:00:00,119.59,119.77,119.38,119.62,4687301
4/5/2017 16:00:00,118.62,119.63,118.4,119.62,8105952
4/6/2017 16:00:00,119.22,119.42,118.98,119.18,4633470
4/7/2017 16:00:00,120.3,120.67,119.14,119.46,12351114
4/10/2017 16:00:00,119.04,119.69,118.85,119.46,4623673
4/11/2017 16:00:00,120.33,121.4,120.29,121.19,12455294
4/12/2017 16:00:00,121.38,122.22,121.14,122.02,9502540
4/13/2017 16:00:00,122.54,122.65,122.03,122.6,9892641
4/17/2017 16:00:00,122.55,123.07,121.99,122.24,8469580
4/18/2017 16:00:00,122.43,123.03,121.73,122.82,10903701
4/19/2017 16:00:00,122.25,122.26,121.28,121.73,8472702
4/20/2017 16:00:00,121.82,122.17,121.5,121.96,11787330
4/21/2017 16:00:00,122.14,122.61,121.73,122.31,15608031
4/24/2017 16:00:00,120.77,121.51,120.66,121.48,11053559
4/25/2017 16:00:00,120.53,120.87,120.05,120.25,10344784
4/26/2017 16:00:00,120.21,120.96,119.87,120.84,9758844
4/27/2017 16:00:00,120.42,120.6,119.97,120.39,8266954
4/28/2017 16:00:00,120.34,120.77,120.27,120.77,9134246
5/1/2017 16:00:00,120.21,120.75,119.35,119.67,9331809
5/2/2017 16:00:00,119.3,119.65,119.24,119.65,4900784
5/3/2017 16:00:00,119.18,119.34,117.92,117.98,10811052
5/4/2017 16:00:00,116.81,117.28,116.63,116.79,12406931
5/5/2017 16:00:00,116.86,117.07,116.68,117.01,7127199
5/8/2017 16:00:00,117.03,117.14,116.68,116.75,5438375
5/9/2017 16:00:00,116.18,116.24,115.56,116.05,6801280
5/10/2017 16:00:00,116.42,116.5,115.86,116.04,4290459
5/11/2017 16:00:00,116.21,116.85,116.19,116.5,6274368
5/12/2017 16:00:00,117.07,117.16,116.73,116.83,5434477
5/15/2017 16:00:00,117.52,117.54,116.99,117.14,5019589
5/16/2017 16:00:00,117.45,117.91,117.4,117.65,4942822
5/17/2017 16:00:00,119.36,120.02,119.27,119.79,13936876
5/18/2017 16:00:00,119.77,119.84,118.56,118.81,10341141
5/19/2017 16:00:00,119.39,119.55,118.88,119.4,6787254
5/22/2017 16:00:00,119.63,120.14,119.58,119.9,5132485
5/23/2017 16:00:00,120.13,120.19,118.98,119.14,8305434
5/24/2017 16:00:00,119.07,119.74,118.92,119.61,7064911
5/25/2017 16:00:00,119.52,119.7,119.29,119.48,4105092
5/26/2017 16:00:00,120.49,120.79,120.33,120.54,6791648
5/30/2017 16:00:00,120.24,120.33,119.95,120.14,4507493
5/31/2017 16:00:00,120.31,121.23,120.26,120.62,10360724
6/1/2017 16:00:00,120.17,120.74,120.06,120.72,8702543
6/2/2017 16:00:00,121.31,121.71,121.19,121.61,7268054
6/5/2017 16:00:00,121.91,121.94,121.58,121.73,3979162
6/6/2017 16:00:00,123.09,123.31,122.77,123.1,10798527
6/7/2017 16:00:00,122.79,123.16,122.02,122.45,9039175
6/8/2017 16:00:00,122.07,122.08,120.95,121.65,8169807
6/9/2017 16:00:00,120.46,120.91,120.4,120.54,7054664
6/12/2017 16:00:00,120.33,120.69,120.27,120.36,4927375
6/13/2017 16:00:00,119.95,120.71,119.92,120.48,3786628
6/14/2017 16:00:00,121.51,121.88,119.57,119.82,21124841
6/15/2017 16:00:00,119.22,119.5,119.13,119.32,6796668
6/16/2017 16:00:00,119.35,119.5,119.24,119.34,6435674
6/19/2017 16:00:00,118.74,118.84,118.33,118.43,6786973
6/20/2017 16:00:00,118.42,118.46,118.07,118.18,4617387
6/21/2017 16:00:00,118.15,118.66,118.15,118.52,4723749
6/22/2017 16:00:00,119.13,119.2,118.6,118.92,5811927
6/23/2017 16:00:00,119.65,119.66,119.31,119.43,9258628
6/26/2017 16:00:00,118.29,118.54,118.17,118.36,6593380
6/27/2017 16:00:00,118.87,119.05,118.48,118.81,5759344
6/28/2017 16:00:00,119.06,119.06,118.69,118.9,4220130
6/29/2017 16:00:00,117.97,118.64,117.91,118.32,7705165
6/30/2017 16:00:00,118.08,118.41,117.95,118.02,7272612
7/3/2017 16:00:00,116.54,116.85,115.94,116.09,12145049
7/5/2017 16:00:00,115.91,116.67,115.87,116.52,7223256
7/6/2017 16:00:00,116.58,116.61,116.24,116.47,4443390
7/7/2017 16:00:00,115.78,115.79,114.8,115.28,11153608
7/10/2017 16:00:00,115.02,115.57,114.83,115.47,4970886
7/11/2017 16:00:00,115.26,115.77,114.88,115.62,6637939
7/12/2017 16:00:00,116.21,116.33,115.87,116.03,4654361
7/13/2017 16:00:00,116.04,116.04,115.67,115.82,4148935
7/14/2017 16:00:00,117.04,117.25,116.64,116.77,5788219
7/17/2017 16:00:00,117.42,117.53,117.23,117.29,5170849
7/18/2017 16:00:00,117.99,118.33,117.88,118.11,7158573
7/19/2017 16:00:00,118.18,118.27,117.84,118.08,3205142
7/20/2017 16:00:00,117.92,118.62,117.66,118.24,5571648
7/21/2017 16:00:00,119,119.39,118.75,119.26,10135919
7/24/2017 16:00:00,119.52,119.58,119.18,119.31,3654331
7/25/2017 16:00:00,118.99,119.32,118.79,118.92,6202988
7/26/2017 16:00:00,118.57,120.15,118.55,119.88,8527944
7/27/2017 16:00:00,120.1,120.14,119.28,119.79,6385216
7/28/2017 16:00:00,120.15,120.86,120.14,120.69,7393606
7/31/2017 16:00:00,120.5,120.81,120.45,120.75,3944561
8/1/2017 16:00:00,120.44,121.14,120.44,120.65,7365056
8/2/2017 16:00:00,120.51,121.02,120.34,120.4,5945279
8/3/2017 16:00:00,120.31,120.83,120.31,120.59,4275576
8/4/2017 16:00:00,119.97,120.04,119.22,119.65,8644781
8/7/2017 16:00:00,119.43,119.79,119.43,119.51,3010138
8/8/2017 16:00:00,120.02,120.12,118.97,119.86,7227220
8/9/2017 16:00:00,121.02,121.55,120.76,121.31,9186236
8/10/2017 16:00:00,122.08,122.44,122.03,122.21,9817872
8/11/2017 16:00:00,122.24,122.83,122.03,122.79,8019519
8/14/2017 16:00:00,121.98,122.24,121.68,121.92,6035297
8/15/2017 16:00:00,120.6,121.23,120.58,120.98,6731340
8/16/2017 16:00:00,120.66,122.06,120.66,121.87,8267341
8/17/2017 16:00:00,122.29,122.61,121.76,122.49,8183805
8/18/2017 16:00:00,123.37,123.54,122,122.3,13654226
8/21/2017 16:00:00,122.54,122.98,122.5,122.76,5549687
8/22/2017 16:00:00,122.56,122.56,121.85,122.21,6493937
8/23/2017 16:00:00,122.58,122.69,122.31,122.67,5038391
8/24/2017 16:00:00,122.39,122.64,122.13,122.29,4193396
8/25/2017 16:00:00,122.77,123.02,121.29,122.74,12398247
8/28/2017 16:00:00,123.33,124.73,123.33,124.69,11578265
8/29/2017 16:00:00,125.81,125.87,124.05,124.42,9861471
8/30/2017 16:00:00,124.33,124.62,124.16,124.36,6328422
8/31/2017 16:00:00,124.58,125.84,124.55,125.82,11775530
9/1/2017 16:00:00,126.01,126.17,125.12,126.06,11567404
9/5/2017 16:00:00,126.65,127.78,126.57,127.46,11813065
9/6/2017 16:00:00,127.34,127.44,126.55,126.81,10059273
9/7/2017 16:00:00,127.56,128.32,127.39,128.13,10219719
9/8/2017 16:00:00,128.21,128.3,127.59,127.97,9020001
9/11/2017 16:00:00,126.74,126.94,126.05,126.19,9126591
9/12/2017 16:00:00,126.03,126.59,125.94,126.56,8349012
9/13/2017 16:00:00,126.4,126.45,125.5,125.61,8490963
9/14/2017 16:00:00,125.66,126.44,125.62,126.16,5330663
9/15/2017 16:00:00,125.99,125.99,125.41,125.53,8375074
9/18/2017 16:00:00,124.71,124.76,123.97,124.36,8859807
9/19/2017 16:00:00,124.49,124.65,124.03,124.62,5826537
9/20/2017 16:00:00,124.68,125.06,123.15,123.62,11415431
9/21/2017 16:00:00,122.56,123.07,122.49,122.68,7757897
9/22/2017 16:00:00,123.03,123.39,122.93,123.24,6011928
9/25/2017 16:00:00,122.78,124.66,122.71,124.53,10257209
9/26/2017 16:00:00,123.57,123.81,122.9,123.14,8673582
9/27/2017 16:00:00,122.04,122.51,121.88,121.98,6903944
9/28/2017 16:00:00,122.04,122.48,121.83,122.21,5968213
9/29/2017 16:00:00,122.29,122.3,121.55,121.58,10207991
10/2/2017 16:00:00,121.17,121.34,120.74,120.77,11755378
10/3/2017 16:00:00,120.72,121.1,120.7,120.83,3728655
10/4/2017 16:00:00,121.21,121.27,120.71,121.17,6475238
10/5/2017 16:00:00,121.15,121.24,120.4,120.52,6205423
10/6/2017 16:00:00,120.26,121.21,119.78,121.09,10013282
10/9/2017 16:00:00,121.64,122.11,121.55,122.08,5264116
10/10/2017 16:00:00,122.62,122.97,122.36,122.4,9315476
10/11/2017 16:00:00,122.57,122.88,122.03,122.79,5649430
10/12/2017 16:00:00,122.84,123.04,122.5,122.89,3037576
10/13/2017 16:00:00,123.66,123.86,123.34,123.82,6820348
10/16/2017 16:00:00,123.82,123.97,122.57,122.97,8201979
10/17/2017 16:00:00,122.03,122.32,121.73,122.13,7041261
10/18/2017 16:00:00,121.71,121.94,121.55,121.67,3666407
10/19/2017 16:00:00,122.2,122.55,122.11,122.39,5567279
10/20/2017 16:00:00,121.68,121.98,121.39,121.61,8481102
10/23/2017 16:00:00,120.98,121.9,120.96,121.8,5069650
10/24/2017 16:00:00,121.26,121.71,120.98,121.33,5114120
10/25/2017 16:00:00,121.31,121.59,120.84,121.35,4282369
10/26/2017 16:00:00,121.16,121.16,120.22,120.33,6438806
10/27/2017 16:00:00,120.38,120.99,120.21,120.9,6664180
10/30/2017 16:00:00,120.93,121.47,120.8,121.13,5119241
10/31/2017 16:00:00,120.82,120.84,120.38,120.67,3910495
11/1/2017 16:00:00,120.98,121.55,120.84,121.11,4647787
11/2/2017 16:00:00,121.29,121.96,121.05,121.19,5369504
11/3/2017 16:00:00,121.36,121.43,120.18,120.62,6330642
11/6/2017 16:00:00,120.72,121.85,120.68,121.65,6953772
11/7/2017 16:00:00,121.51,121.56,120.78,121.21,4165933
11/8/2017 16:00:00,121.95,122.25,121.59,121.63,5565212
11/9/2017 16:00:00,121.85,122.41,121.73,122.13,6072442
11/10/2017 16:00:00,121.99,122.11,120.94,121.13,7116200
11/13/2017 16:00:00,121.43,121.55,121.27,121.31,6249346
11/14/2017 16:00:00,120.9,121.91,120.77,121.56,6188992
11/15/2017 16:00:00,122.13,122.36,121.25,121.41,4984812
11/16/2017 16:00:00,121.45,121.71,121.29,121.4,2796545
11/17/2017 16:00:00,122.15,123.17,121.95,122.86,10613955
11/20/2017 16:00:00,122.3,122.41,121.04,121.31,8356673
11/21/2017 16:00:00,121.67,122,121.5,121.51,4956456
11/22/2017 16:00:00,122.26,122.95,122.17,122.63,5211832
11/24/2017 16:00:00,122.36,122.61,122.22,122.32,1779705
11/27/2017 16:00:00,123.26,123.33,122.67,122.83,4961215
11/28/2017 16:00:00,123.05,123.17,122.53,122.81,5603112
11/29/2017 16:00:00,122.24,122.33,121.74,122.04,6138941
11/30/2017 16:00:00,121.44,121.7,120.64,121.1,7936260
12/1/2017 16:00:00,120.94,122.43,120.74,121.59,13080101
12/4/2017 16:00:00,121.15,121.2,120.84,121.18,6943679
12/5/2017 16:00:00,120.44,120.51,119.72,120.32,10041159
12/6/2017 16:00:00,120.03,120.44,119.87,120.07,6643006
12/7/2017 16:00:00,119.01,119.24,118.1,118.49,12900240
12/8/2017 16:00:00,118.63,118.92,118.33,118.48,5231287
12/11/2017 16:00:00,118.37,118.54,117.8,118.01,4522244
12/12/2017 16:00:00,117.73,118.17,117.4,118.15,8020109
12/13/2017 16:00:00,118.19,119.35,118.01,119.17,10086657
12/14/2017 16:00:00,119.1,119.29,118.71,118.93,6993592
12/15/2017 16:00:00,119.41,119.5,118.97,119.18,7531964
12/18/2017 16:00:00,119.63,119.99,119.6,119.73,5452212
12/19/2017 16:00:00,119.67,119.9,119.53,119.82,4018885
12/20/2017 16:00:00,119.98,120.36,119.81,120.14,5734625
12/21/2017 16:00:00,120.07,120.45,120,120.31,4823709
12/22/2017 16:00:00,120.67,121.14,120.57,120.94,5791312
12/26/2017 16:00:00,121.55,121.87,121.51,121.77,8224411
12/27/2017 16:00:00,122,122.34,121.88,122.23,6232678
12/28/2017 16:00:00,122.82,122.92,122.56,122.85,5732725
12/29/2017 16:00:00,123.7,124.09,123.46,123.65,7852109
1/2/2018 16:00:00,124.66,125.18,124.39,125.15,11762515
1/3/2018 16:00:00,125.05,125.09,124.1,124.82,7904326
1/4/2018 16:00:00,124.89,125.85,124.74,125.46,7329718
1/5/2018 16:00:00,124.93,125.48,124.83,125.33,5739904
1/8/2018 16:00:00,125.2,125.32,124.9,125.31,3566707
1/9/2018 16:00:00,124.49,124.86,124.23,124.73,9153584
1/10/2018 16:00:00,125.17,125.31,124.72,125.03,14809303
1/11/2018 16:00:00,125.37,125.66,125.25,125.44,5994730
1/12/2018 16:00:00,126.01,127.13,125.81,126.96,9258570
1/16/2018 16:00:00,126.6,127.18,126.4,127.17,8083895
1/17/2018 16:00:00,126.77,127.22,125.9,126.14,10130509
1/18/2018 16:00:00,126.13,126.52,125.8,125.86,6289271
1/19/2018 16:00:00,126.57,126.73,126.41,126.42,8773753
1/22/2018 16:00:00,126.51,126.75,126.28,126.65,4893546
1/23/2018 16:00:00,126.53,127.35,126.34,127.28,6190410
1/24/2018 16:00:00,128.39,129.26,128.23,128.83,11827554
1/25/2018 16:00:00,128.69,129.51,127.36,127.97,15219664
1/26/2018 16:00:00,128.24,128.52,127.97,128.07,7828744
1/29/2018 16:00:00,127.58,127.63,126.92,127.35,6956392
1/30/2018 16:00:00,127.91,127.92,126.74,126.8,9736105
1/31/2018 16:00:00,127.45,127.85,126.4,127.65,13418904
2/1/2018 16:00:00,127.18,128.15,127.08,128.07,10854639
2/2/2018 16:00:00,126.81,126.85,125.96,126.39,16789214
2/5/2018 16:00:00,126.82,127.31,126.44,126.71,13596327
2/6/2018 16:00:00,126.54,126.55,125.22,125.38,17672450
2/7/2018 16:00:00,125.48,125.77,124.41,124.79,8558460
2/8/2018 16:00:00,124.92,125.44,124.51,124.98,7343637
2/9/2018 16:00:00,124.65,125.14,124.39,124.77,14140696
2/12/2018 16:00:00,125.19,125.82,125.11,125.37,6984852
2/13/2018 16:00:00,125.67,126.18,125.52,126.08,5321327
2/14/2018 16:00:00,126.47,128.59,126.29,128.23,16416413
2/15/2018 16:00:00,128.43,128.57,127.94,128.38,7276495
2/16/2018 16:00:00,128.3,128.7,127.57,127.96,7956921
2/20/2018 16:00:00,127.28,127.4,126.04,126.24,11148745
2/21/2018 16:00:00,126.36,126.76,125.44,125.66,7908753
2/22/2018 16:00:00,125.92,126.37,125.88,126.3,5346347
2/23/2018 16:00:00,126.06,126.3,125.85,126.14,4239709
2/26/2018 16:00:00,126.45,126.62,126.18,126.45,3194743
2/27/2018 16:00:00,126.06,126.15,124.59,125.13,7082301
2/28/2018 16:00:00,125.09,125.46,124.81,125,4534884
3/1/2018 16:00:00,124.15,125.31,123.58,124.72,12910071
3/2/2018 16:00:00,125.67,125.69,124.97,125.39,9994341
3/5/2018 16:00:00,125.35,125.48,124.96,125.18,5778343
3/6/2018 16:00:00,126.2,126.96,126.13,126.53,8676781
3/7/2018 16:00:00,126.22,126.29,125.42,125.72,5158674
3/8/2018 16:00:00,125.69,125.7,125.13,125.42,3474944
3/9/2018 16:00:00,124.94,125.69,124.78,125.54,5066833
3/12/2018 16:00:00,125.04,125.57,124.84,125.54,2884269
3/13/2018 16:00:00,125.67,125.99,125.05,125.78,4798303
3/14/2018 16:00:00,125.49,125.76,125.34,125.7,3777021
3/15/2018 16:00:00,125.12,125.21,124.72,124.9,6130124
3/16/2018 16:00:00,124.84,124.87,124.21,124.6,7402188
3/19/2018 16:00:00,124.57,125.16,124.42,124.87,4335420
3/20/2018 16:00:00,124.41,124.55,123.96,124.31,3399440
3/21/2018 16:00:00,125.4,126.76,125.03,126.48,12532035
3/22/2018 16:00:00,126.09,126.34,125.64,125.98,5298709
3/23/2018 16:00:00,127.82,128.06,127.41,127.61,12025882
3/26/2018 16:00:00,128.05,128.58,128.01,128.28,6169843
3/27/2018 16:00:00,127.23,127.62,127.05,127.49,6180707
3/28/2018 16:00:00,126.48,126.61,125.51,125.73,10254883
3/29/2018 16:00:00,125.42,125.81,125.31,125.79,7117156
4/2/2018 16:00:00,126.65,127.54,126.38,127.26,11421144
4/3/2018 16:00:00,126.54,126.59,126.01,126.3,6083717
4/4/2018 16:00:00,127.5,127.53,126.32,126.45,7488254
4/5/2018 16:00:00,125.45,126.08,125.43,125.8,5332957
4/6/2018 16:00:00,126.57,126.6,126.13,126.39,6121225
4/9/2018 16:00:00,126.45,126.86,126.23,126.82,4189864
4/10/2018 16:00:00,127.02,127.31,126.67,127.12,5403992
4/11/2018 16:00:00,128.09,129.47,127.78,128.11,12348564
4/12/2018 16:00:00,127.25,127.34,126.47,126.62,8141339
4/13/2018 16:00:00,127.07,127.75,127.03,127.45,6821338
4/16/2018 16:00:00,127.74,128.05,127.57,127.63,4600039
4/17/2018 16:00:00,127.02,127.78,127,127.75,4184077
4/18/2018 16:00:00,128.32,128.54,127.75,127.85,6755575
4/19/2018 16:00:00,127.81,127.88,127.13,127.6,8736103
4/20/2018 16:00:00,126.69,126.97,126.55,126.63,10403128
4/23/2018 16:00:00,125.62,125.76,125.34,125.62,6921519
4/24/2018 16:00:00,125.78,126.34,125.67,126.23,4733107
4/25/2018 16:00:00,125.23,125.51,125.06,125.41,5985694
4/26/2018 16:00:00,125.54,125.57,124.69,124.97,7517135
4/27/2018 16:00:00,125.2,125.62,125.17,125.5,5653996
4/30/2018 16:00:00,124.41,125.2,124.19,124.59,9830612
5/1/2018 16:00:00,123.9,123.98,123.39,123.71,7551577
5/2/2018 16:00:00,123.9,124.54,123.58,123.65,7614019
5/3/2018 16:00:00,124.66,124.76,124.24,124.28,4857387
5/4/2018 16:00:00,124.1,124.65,124,124.54,5883574
5/7/2018 16:00:00,124.5,124.7,124.3,124.57,3397508
5/8/2018 16:00:00,124.14,124.95,123.79,124.59,5551078
5/9/2018 16:00:00,124.45,124.87,124.24,124.33,4405593
5/10/2018 16:00:00,125.22,125.37,124.75,125.18,5218356
5/11/2018 16:00:00,125.57,125.59,124.94,125,4299164
5/14/2018 16:00:00,125.16,125.21,124.44,124.49,3753223
5/15/2018 16:00:00,122.82,122.82,122.13,122.48,10911900
5/16/2018 16:00:00,122.38,122.61,122.03,122.29,4943275
5/17/2018 16:00:00,122.23,122.43,122.04,122.36,7781336
5/18/2018 16:00:00,122.05,122.65,122.01,122.41,6837125
5/21/2018 16:00:00,122.16,122.53,121.97,122.48,4126673
5/22/2018 16:00:00,122.7,122.74,122.34,122.41,4579602
5/23/2018 16:00:00,122.14,122.74,122.11,122.54,7007256
5/24/2018 16:00:00,123.1,123.82,123.08,123.59,8850085
5/25/2018 16:00:00,123.66,123.7,123.21,123.21,7920650
5/29/2018 16:00:00,122.84,123.64,122.66,123.19,9013170
5/30/2018 16:00:00,123.17,123.61,123.17,123.37,4573697
5/31/2018 16:00:00,123.26,123.78,123.1,123.1,7862495
6/1/2018 16:00:00,122.58,123.09,122.44,122.49,8059121
6/4/2018 16:00:00,122.85,122.93,122.37,122.37,4345370
6/5/2018 16:00:00,122.55,123.23,122.28,122.85,6864209
6/6/2018 16:00:00,123.08,123.35,122.63,122.92,4083702
6/7/2018 16:00:00,122.96,123.15,122.69,122.86,3700745
6/8/2018 16:00:00,123.08,123.12,122.91,123.01,3865667
6/11/2018 16:00:00,123.1,123.42,123.02,123.23,3201179
6/12/2018 16:00:00,122.95,123.18,122.64,122.82,7279620
6/13/2018 16:00:00,122.84,123.34,122.47,123.19,5867744
6/14/2018 16:00:00,123.63,123.86,123.32,123.38,8015447
6/15/2018 16:00:00,122.18,122.2,120.83,121.34,14536993
6/18/2018 16:00:00,121.35,121.44,120.99,121.11,3845950
6/19/2018 16:00:00,120.81,121.03,120.58,120.8,4925832
6/20/2018 16:00:00,120.79,120.81,120.16,120.26,4548491
6/21/2018 16:00:00,119.92,120.32,119.82,120.05,5681906
6/22/2018 16:00:00,120.21,120.4,120.1,120.34,4518408
6/25/2018 16:00:00,120,120.23,119.83,119.89,9300195
6/26/2018 16:00:00,119.28,119.59,119.09,119.26,8675447
6/27/2018 16:00:00,118.96,119.05,118.48,118.58,6480501
6/28/2018 16:00:00,118.59,118.67,118.01,118.22,7760936
6/29/2018 16:00:00,118.43,118.94,118.26,118.65,8002828
7/2/2018 16:00:00,118.18,118.21,117.4,117.46,12021957
7/3/2018 13:00:00,118.41,119.08,118.38,118.65,8900973
7/5/2018 16:00:00,118.92,119.33,118.77,119.05,4951873
7/6/2018 16:00:00,118.97,119.03,118.73,118.86,2947058
7/9/2018 16:00:00,119.65,119.73,119.14,119.15,4075297
7/10/2018 16:00:00,118.89,119,118.61,118.93,3754770
7/11/2018 16:00:00,118.45,118.53,117.62,117.64,6974791
7/12/2018 16:00:00,118,118.26,117.94,118.13,4585460
7/13/2018 16:00:00,117.62,117.75,117.45,117.61,5444284
7/16/2018 16:00:00,117.51,117.63,117.28,117.55,3670943
7/17/2018 16:00:00,116.72,116.93,116.12,116.28,7939635
7/18/2018 16:00:00,116.03,116.35,115.83,116.31,5391963
7/19/2018 16:00:00,115.13,116.47,115.12,115.81,14227628
7/20/2018 16:00:00,116.4,116.71,116.24,116.56,7892317
7/23/2018 16:00:00,116.25,116.31,115.76,116,6247368
7/24/2018 16:00:00,116.22,116.43,115.91,116.04,4801046
7/25/2018 16:00:00,116.79,116.84,116.27,116.68,5480914
7/26/2018 16:00:00,116.24,116.51,115.77,115.77,6382946
7/27/2018 16:00:00,115.92,116.24,115.77,115.83,5242099
7/30/2018 16:00:00,115.8,116.02,115.64,115.65,4157371
7/31/2018 16:00:00,115.47,116.35,115.39,115.99,5508456
8/1/2018 16:00:00,115.63,115.7,115.13,115.14,7941660
8/2/2018 16:00:00,115.17,115.23,114.42,114.52,6204210
8/3/2018 16:00:00,115.09,115.53,114.86,114.92,5953227
8/6/2018 16:00:00,114.56,114.72,114.31,114.33,5811614
8/7/2018 16:00:00,114.85,114.94,114.42,114.59,5188447
8/8/2018 16:00:00,114.75,114.95,114.41,114.91,3809872
8/9/2018 16:00:00,115.02,115.12,114.69,114.74,4252956
8/10/2018 16:00:00,114.81,115.23,114.61,114.69,6757857
8/13/2018 16:00:00,113.81,113.81,112.83,112.96,9150873
8/14/2018 16:00:00,113.25,113.48,112.84,113.07,7086193
8/15/2018 16:00:00,112.17,112.18,111.06,111.19,12398366
8/16/2018 16:00:00,111.46,111.88,111.1,111.1,7484637
8/17/2018 16:00:00,111.69,112.15,111.38,112.13,8470951
8/20/2018 16:00:00,112.38,112.74,112.16,112.69,5313403
8/21/2018 16:00:00,112.77,113.1,112.44,113.02,5042443
8/22/2018 16:00:00,113.39,113.49,113.07,113.27,6215910
8/23/2018 16:00:00,112.68,112.88,112.06,112.2,5500102
8/24/2018 16:00:00,113.25,114.42,113.21,114.16,9214703
8/27/2018 16:00:00,114.12,114.78,114.12,114.59,4364167
8/28/2018 16:00:00,114.76,114.87,113.55,113.68,6101386
8/29/2018 16:00:00,114.16,114.21,113.85,114.2,5616329
8/30/2018 16:00:00,113.92,113.93,113.24,113.64,5431837
8/31/2018 16:00:00,113.72,114.06,113.44,113.51,5048673
9/4/2018 16:00:00,112.75,113.07,112.61,112.93,6617486
9/5/2018 16:00:00,113.36,113.44,113.12,113.32,4459202
9/6/2018 16:00:00,113.89,114.26,113.28,113.54,4784729
9/7/2018 16:00:00,113.26,113.6,112.97,113.23,3714023
9/10/2018 16:00:00,113.26,113.43,113,113.15,2316718
9/11/2018 16:00:00,112.65,113.37,112.42,113.22,3791338
9/12/2018 16:00:00,113.12,114.39,113.06,114.17,6315934
9/13/2018 16:00:00,114.72,114.78,113.58,113.76,5636023
9/14/2018 16:00:00,113.79,113.9,112.91,113.02,5375645
9/17/2018 16:00:00,113.6,114.03,113.55,113.61,4727254
9/18/2018 16:00:00,113.79,113.91,113.28,113.44,4737849
9/19/2018 16:00:00,113.94,114.15,113.68,113.88,4223199
9/20/2018 16:00:00,114.21,114.37,113.86,114.27,4384523
9/21/2018 16:00:00,112.87,113.68,112.79,113.49,6831550
9/24/2018 16:00:00,113.68,113.96,113.43,113.47,4435578
9/25/2018 16:00:00,113.75,113.89,113.57,113.65,3004824
9/26/2018 16:00:00,113.11,113.6,112.66,113.05,8297429
9/27/2018 16:00:00,112.1,112.42,111.85,112.05,7683739
9/28/2018 16:00:00,112.16,113,112.07,112.76,6020579
10/1/2018 16:00:00,112.4,112.62,112.15,112.57,3893012
10/2/2018 16:00:00,113.7,114.33,113.61,113.87,10776912
10/3/2018 16:00:00,113.87,114.05,113.26,113.42,6674517
10/4/2018 16:00:00,113.83,114.19,113.26,113.48,6616212
10/5/2018 16:00:00,113.81,114.1,113.57,113.8,7994440
10/8/2018 16:00:00,112.25,112.59,111.9,112.54,12111577
10/9/2018 16:00:00,112.37,112.67,111.97,112.6,8352697
10/10/2018 16:00:00,112.47,112.96,112.25,112.88,10571316
10/11/2018 16:00:00,114.2,116.04,114.09,115.78,26810920
10/12/2018 16:00:00,115.58,115.71,115.08,115.23,12939315
10/15/2018 16:00:00,116.12,116.53,115.89,116,11828366
10/16/2018 16:00:00,116.49,116.6,115.8,115.8,9531769
10/17/2018 16:00:00,115.89,116.33,115.68,115.79,7078639
10/18/2018 16:00:00,115.83,116.41,115.63,115.92,7964106
10/19/2018 16:00:00,116.23,116.24,115.96,116.01,7453947
10/22/2018 16:00:00,115.57,115.78,115.43,115.71,5200759
10/23/2018 16:00:00,117.16,117.25,116.33,116.39,12704177
10/24/2018 16:00:00,116.38,116.72,116.11,116.66,8563293
10/25/2018 16:00:00,116.58,116.73,116.19,116.4,8303495
10/26/2018 16:00:00,116.83,117.65,116.46,116.77,15733170
10/29/2018 16:00:00,116.41,116.54,115.84,116.31,8732486
10/30/2018 16:00:00,115.85,116.04,115.64,115.8,7233614
10/31/2018 16:00:00,114.89,115.17,114.66,115.15,11409346
11/1/2018 16:00:00,116.33,117.07,116.18,116.63,13662915
11/2/2018 16:00:00,116.61,116.98,116.39,116.65,8796962
11/5/2018 16:00:00,116.28,116.67,116.23,116.37,6291450
11/6/2018 16:00:00,116.44,116.53,115.74,116.04,7270793
11/7/2018 16:00:00,116.26,116.35,115.9,116.03,8392112
11/8/2018 16:00:00,115.77,116.15,115.5,115.78,7638817
11/9/2018 16:00:00,114.6,114.75,114.14,114.48,14159472
11/12/2018 16:00:00,114.01,114.05,113.58,113.66,7499046
11/13/2018 16:00:00,113.72,113.93,113.42,113.7,9309074
11/14/2018 16:00:00,113.53,115.06,113.46,114.64,13950218
11/15/2018 16:00:00,114.83,114.99,114.56,114.77,8910585
11/16/2018 16:00:00,115.83,115.88,115.37,115.62,8576955
11/19/2018 16:00:00,115.45,115.92,115.37,115.67,8508445
11/20/2018 16:00:00,115.94,115.95,115.37,115.67,9075193
11/21/2018 16:00:00,115.94,116.35,115.86,115.86,8834206
11/23/2018 13:00:00,115.76,115.88,115.59,115.77,3726611
11/26/2018 16:00:00,115.84,115.87,115.53,115.64,4018622
11/27/2018 16:00:00,115.55,115.63,114.6,114.95,9671170
11/28/2018 16:00:00,114.76,116.07,114.59,115.38,13789016
11/29/2018 16:00:00,115.97,116.24,115.56,115.74,6479502
11/30/2018 16:00:00,115.42,115.66,115.04,115.54,8169579
12/3/2018 16:00:00,116.6,116.77,116.3,116.41,8463378
12/4/2018 16:00:00,117.37,117.39,116.93,117.12,7186437
12/6/2018 16:00:00,117.38,117.69,116.92,117.14,9267628
12/7/2018 16:00:00,117.62,118.23,117.54,118.09,10402903
12/10/2018 16:00:00,117.7,117.94,117.42,117.68,8118110
12/11/2018 16:00:00,117.67,117.89,117.35,117.54,6395391
12/12/2018 16:00:00,117.7,117.95,117.61,117.79,4136781
12/13/2018 16:00:00,117.54,117.62,117.26,117.53,4131770
12/14/2018 16:00:00,116.63,117.3,116.58,117.06,7501660
12/17/2018 16:00:00,117.37,118.03,117.35,117.87,8455007
12/18/2018 16:00:00,117.85,118.2,117.81,118.15,7542875
12/19/2018 16:00:00,118.24,118.96,117.4,117.43,13827509
12/20/2018 16:00:00,119.11,119.74,118.68,119.24,18615143
12/21/2018 16:00:00,119.19,119.25,118.57,118.72,13629830
12/24/2018 13:00:00,119.57,120.14,119.57,120.02,9736359
12/26/2018 16:00:00,120.62,121,119.57,119.66,14293459
12/27/2018 16:00:00,120.57,120.9,120.14,120.57,11874408
12/28/2018 16:00:00,120.8,121.08,120.72,121.06,6864842
12/31/2018 16:00:00,120.98,121.26,120.83,121.25,8449441
1/2/2019 16:00:00,121.35,121.75,120.88,121.33,12776155
1/3/2019 16:00:00,121.78,122.46,121.73,122.43,15440840
1/4/2019 16:00:00,121.32,121.6,120.69,121.44,13334368
1/7/2019 16:00:00,122.16,122.22,121.57,121.86,7473641
1/8/2019 16:00:00,121.15,121.71,121.06,121.53,7643363
1/9/2019 16:00:00,121.45,122.34,121.44,122.31,10555933
1/10/2019 16:00:00,121.98,122.18,121.57,121.59,6672058
1/11/2019 16:00:00,121.74,122.05,121.66,121.8,8622666
1/14/2019 16:00:00,122.15,122.24,121.87,122.09,6477072
1/15/2019 16:00:00,122.28,122.38,121.62,121.88,7512779
1/16/2019 16:00:00,122.04,122.44,122.02,122.27,6878137
1/17/2019 16:00:00,122.03,122.26,121.81,122.11,8558523
1/18/2019 16:00:00,121.23,121.52,121.02,121.02,10896307
1/22/2019 16:00:00,121.18,121.5,120.9,121.45,7896668
1/23/2019 16:00:00,120.96,121.54,120.86,121.28,5224918
1/24/2019 16:00:00,121.16,121.36,120.92,121.09,5662490
1/25/2019 16:00:00,122.02,122.91,122.02,122.86,11103309
1/28/2019 16:00:00,122.75,123.29,122.72,123.29,8522178
1/29/2019 16:00:00,123.71,124,123.46,123.98,11610204
1/30/2019 16:00:00,123.91,125.07,123.7,124.69,12103963
1/31/2019 16:00:00,125.18,125.23,124.62,124.75,10209516
2/1/2019 16:00:00,124.89,125.05,124.37,124.5,12485496
2/4/2019 16:00:00,123.99,124.29,123.82,123.96,6879187
2/5/2019 16:00:00,124.29,124.42,124.05,124.28,6291367
2/6/2019 16:00:00,124.16,124.19,123.4,123.44,6595100
2/7/2019 16:00:00,123.8,123.95,123.44,123.74,5935456
2/8/2019 16:00:00,124.05,124.33,123.98,124.21,4235221
2/11/2019 16:00:00,123.19,123.82,123.19,123.6,4821904
2/12/2019 16:00:00,123.96,124.03,123.61,123.86,4271869
2/13/2019 16:00:00,123.84,124.55,123.31,123.37,7640509
2/14/2019 16:00:00,123.84,124.2,123.53,124.06,6276529
2/15/2019 16:00:00,124.59,125,124.18,124.8,12190104
2/19/2019 16:00:00,125.98,126.79,125.93,126.7,15614028
2/20/2019 16:00:00,127,127.21,126.31,126.48,8889665
2/21/2019 16:00:00,126.15,126.22,125.05,125.05,8634596
2/22/2019 16:00:00,125.53,125.95,125.39,125.5,5439375
2/25/2019 16:00:00,125.78,125.9,125.23,125.37,4882615
2/26/2019 16:00:00,125.33,125.62,125.05,125.58,5153511
2/27/2019 16:00:00,125.17,125.23,124.4,124.69,7935647
2/28/2019 16:00:00,124.71,124.71,123.98,123.99,7811731
3/1/2019 16:00:00,123.48,123.96,121.87,121.88,16411743
3/4/2019 16:00:00,121.56,121.85,121.18,121.56,10272586
3/5/2019 16:00:00,121.38,121.73,121.03,121.72,7120090
3/6/2019 16:00:00,121.43,121.64,121.26,121.61,4820443
3/7/2019 16:00:00,121.27,121.71,121.18,121.51,6088768
3/8/2019 16:00:00,122.7,122.89,122.37,122.84,10427747
3/11/2019 16:00:00,122.52,122.54,121.92,122.24,6708655
3/12/2019 16:00:00,122.54,123.03,122.4,122.98,6289860
3/13/2019 16:00:00,123.56,123.88,123.43,123.84,7377297
3/14/2019 16:00:00,122.33,122.55,122.12,122.41,6778443
3/15/2019 16:00:00,123.06,123.4,122.91,122.97,9412061
3/18/2019 16:00:00,123.3,123.4,122.89,123.04,7783205
3/19/2019 16:00:00,123.72,123.79,123.34,123.38,6558693
3/20/2019 16:00:00,123.66,124.42,122.65,124.18,11304912
3/21/2019 16:00:00,124.36,124.37,123.11,123.68,7739775
3/22/2019 16:00:00,123.93,124.22,123.73,123.97,5874016
3/25/2019 16:00:00,124.56,125.11,124.48,124.92,7288343
3/26/2019 16:00:00,124.48,124.51,124.07,124.3,5056224
3/27/2019 16:00:00,124.35,124.38,123.56,123.65,6595016
3/28/2019 16:00:00,122.28,122.36,121.71,121.9,11878328
3/29/2019 16:00:00,122.64,122.75,122.01,122.01,7094201
4/1/2019 16:00:00,122.4,122.43,121.46,121.53,13559963
4/2/2019 16:00:00,121.72,122.01,121.68,121.98,4474953
4/3/2019 16:00:00,121.73,122.01,121.68,121.8,6152734
4/4/2019 16:00:00,121.1,122.24,120.96,122.11,7508760
4/5/2019 16:00:00,121.88,122.13,121.66,121.98,5114493
4/8/2019 16:00:00,122.97,123.02,122.4,122.51,4271034
4/9/2019 16:00:00,123.26,123.35,123.03,123.15,4648392
4/10/2019 16:00:00,123.22,123.77,123.19,123.53,6344767
4/11/2019 16:00:00,122.54,122.75,121.79,121.95,11694503
4/12/2019 16:00:00,121.96,122.31,121.8,121.83,5272844
4/15/2019 16:00:00,121.2,121.82,121.1,121.6,4252774
4/16/2019 16:00:00,120.38,120.63,120.19,120.51,10097802
4/17/2019 16:00:00,120.46,120.51,120.2,120.28,4693864
4/18/2019 16:00:00,120.24,120.54,120.15,120.37,4090401
4/22/2019 16:00:00,120.46,120.5,120.27,120.37,2251185
4/23/2019 16:00:00,119.67,120.2,119.55,120.12,5574897
4/24/2019 16:00:00,120.06,120.72,120.04,120.47,4173034
4/25/2019 16:00:00,120.72,121.1,120.5,120.57,4836857
4/26/2019 16:00:00,121.26,121.67,121.22,121.37,6022715
4/29/2019 16:00:00,120.88,120.91,120.67,120.83,4469721
4/30/2019 16:00:00,120.89,121.36,120.85,121.2,4758567
5/1/2019 16:00:00,121.03,121.55,120.18,120.4,12331836
5/2/2019 16:00:00,119.69,120.11,119.54,119.94,6759844
5/3/2019 16:00:00,120.56,121.08,120.48,120.65,8414504
5/6/2019 16:00:00,120.61,121.12,120.54,120.81,3479563
5/7/2019 16:00:00,121.02,121.42,120.91,121.21,4010654
5/8/2019 16:00:00,121.54,121.54,120.77,120.91,4178965
5/9/2019 16:00:00,120.96,121.62,120.86,121.2,5015785
5/10/2019 16:00:00,121.41,121.73,121.3,121.43,4586301
5/13/2019 16:00:00,122.63,122.85,122.33,122.67,11130908
5/14/2019 16:00:00,122.6,122.66,122.12,122.46,5556105
5/15/2019 16:00:00,122.71,122.77,122.22,122.39,10298968
5/16/2019 16:00:00,122.03,122.07,121.19,121.51,6349454
5/17/2019 16:00:00,121.03,121.06,120.33,120.65,6589382
5/20/2019 16:00:00,120.51,120.74,120.42,120.64,4345803
5/21/2019 16:00:00,120.08,120.36,119.83,120.36,3845702
5/22/2019 16:00:00,120.35,120.5,120.19,120.24,3741805
5/23/2019 16:00:00,120.82,121.52,120.77,121.17,6054721
5/24/2019 16:00:00,121.13,121.31,120.89,121.3,2324653
5/28/2019 16:00:00,120.8,120.84,120.46,120.83,4303495
5/29/2019 16:00:00,121.11,121.26,120.75,120.87,4133202
5/30/2019 16:00:00,120.96,121.69,120.8,121.69,7757033
5/31/2019 16:00:00,122.55,123.4,122.32,123.33,15367001
6/3/2019 16:00:00,124.09,125.34,123.9,125.11,14173636
6/4/2019 16:00:00,124.88,125.42,124.61,125.15,7997062
6/5/2019 16:00:00,126.18,126.37,125.24,125.47,7637880
6/6/2019 16:00:00,125.93,126.45,125.8,125.88,5551778
6/7/2019 16:00:00,126.79,127.25,126.32,126.59,8145853
6/10/2019 16:00:00,125.46,125.53,125.07,125.33,5409983
6/11/2019 16:00:00,124.94,125.4,124.88,125.18,4757841
6/12/2019 16:00:00,125.6,126.2,125.56,125.83,5756153
6/13/2019 16:00:00,126.03,126.77,125.96,126.6,5374818
6/14/2019 16:00:00,127.21,127.63,126.26,126.56,9226446
6/17/2019 16:00:00,126.7,126.77,126.17,126.48,4763345
6/18/2019 16:00:00,127.58,127.75,126.39,127.12,10309646
6/19/2019 16:00:00,126.77,127.99,126.7,127.89,11660649
6/20/2019 16:00:00,130.41,131.49,130.19,131.11,18636339
6/21/2019 16:00:00,131.77,132.17,131.07,131.98,15068037
6/24/2019 16:00:00,132.77,134.04,132.58,133.94,17851801
6/25/2019 16:00:00,134.9,135.55,133.21,134.2,24772241
6/26/2019 16:00:00,132.99,133.55,132.41,132.97,12016402
6/27/2019 16:00:00,132.38,132.97,132.26,132.84,8412764
6/28/2019 16:00:00,133.05,133.34,132.61,133.2,8076966
7/1/2019 16:00:00,131.56,131.76,130.55,130.62,13369815
7/2/2019 16:00:00,131.27,133.63,131.16,133.41,13282139
7/3/2019 13:00:00,133.61,134.1,133.23,133.63,6351547
7/5/2019 16:00:00,131.46,132.32,130.81,132.14,11536581
7/8/2019 16:00:00,132.18,132.34,131.28,131.29,8028884
7/9/2019 16:00:00,131.43,132.1,131.16,131.75,6633439
7/10/2019 16:00:00,132.94,133.87,132.35,133.83,13920593
7/11/2019 16:00:00,133.58,133.7,132.41,132.7,7535133
7/12/2019 16:00:00,132.89,133.69,132.53,133.53,6309451
7/15/2019 16:00:00,133.18,133.53,132.81,133.53,4026583
7/16/2019 16:00:00,133.18,133.3,132.13,132.4,7965981
7/17/2019 16:00:00,133,134.6,132.89,134.58,11288279
7/18/2019 16:00:00,133.83,136.63,133.61,136.48,18466488
7/19/2019 16:00:00,135.45,136.03,133.97,134.47,18079195
7/22/2019 16:00:00,134.56,134.82,134.32,134.45,7570898
7/23/2019 16:00:00,134.43,134.95,133.56,133.69,9981379
7/24/2019 16:00:00,134.59,134.84,133.98,134.37,6715167
7/25/2019 16:00:00,134.24,134.28,133.09,133.42,11708240
7/26/2019 16:00:00,134.24,134.29,133.59,133.64,6249928
7/29/2019 16:00:00,134.06,134.73,133.44,134.53,9162417
7/30/2019 16:00:00,134.76,135.18,134.41,134.98,9458733
7/31/2019 16:00:00,135.03,135.42,133.02,133.21,18797199
8/1/2019 16:00:00,132.42,136.43,132.31,136.41,27719822
8/2/2019 16:00:00,135.39,136.6,135.37,135.89,13753222
8/5/2019 16:00:00,137.93,138.64,137.05,137.79,17519817
8/6/2019 16:00:00,138.33,139.03,138.01,138.91,9471209
8/7/2019 16:00:00,141.28,142.47,140.88,141.02,26671092
8/8/2019 16:00:00,140.9,142.37,140.71,141.73,13108554
8/9/2019 16:00:00,141.28,142.03,140.96,141.26,9485912
8/12/2019 16:00:00,141.67,143.38,141.64,142.63,14858146
8/13/2019 16:00:00,143.17,143.29,139.35,141.78,29930394
8/14/2019 16:00:00,142.9,143.75,142.05,142.75,20672858
8/15/2019 16:00:00,142.96,144.02,142.61,143.7,13501099
8/16/2019 16:00:00,142.75,143.13,141.8,142.78,12184492
8/19/2019 16:00:00,141.33,141.79,140.85,141.11,10558366
8/20/2019 16:00:00,141.77,142.26,141.6,142.21,7479375
8/21/2019 16:00:00,141.62,142.17,141.46,141.76,8118733
8/22/2019 16:00:00,141.39,141.9,141.17,141.4,6847647
8/23/2019 16:00:00,141.84,144.33,141.64,144.17,20290539
8/26/2019 16:00:00,144.35,144.97,143.91,144.19,12200810
8/27/2019 16:00:00,144.3,145.68,144.27,145.57,12857588
8/28/2019 16:00:00,145.39,145.68,144.64,145.16,11454605
8/29/2019 16:00:00,145.4,145.49,143.28,144.12,14764572
8/30/2019 16:00:00,143.84,144.88,143.02,143.75,9642584
9/3/2019 16:00:00,144.96,146.13,144.74,145.75,15621873
9/4/2019 16:00:00,145.54,146.82,145.5,146.66,11292000
9/5/2019 16:00:00,144.98,145.01,142,143.14,20297877
9/6/2019 16:00:00,143.64,144.06,141.86,141.92,14175216
9/9/2019 16:00:00,142.37,142.46,141.18,141.39,11323819
9/10/2019 16:00:00,141.23,141.53,140.16,140.18,12629208
9/11/2019 16:00:00,140.34,141.26,140.28,141.03,7453049
9/12/2019 16:00:00,142.68,143.1,141.11,141.32,12673707
9/13/2019 16:00:00,141.73,141.99,140.06,140.15,13451701
9/16/2019 16:00:00,141.6,142.05,141.02,141.32,8094567
9/17/2019 16:00:00,141.82,142.11,141.22,141.6,7046430
9/18/2019 16:00:00,141.93,142.53,139.81,140.71,15071647
9/19/2019 16:00:00,141.57,141.74,141.09,141.28,8062589
9/20/2019 16:00:00,141.61,143.03,141.46,142.95,12276521
9/23/2019 16:00:00,143.22,143.94,143.07,143.75,9036267
9/24/2019 16:00:00,143.21,144.77,142.88,144.51,10620690
9/25/2019 16:00:00,144.08,144.29,141.44,141.83,11997855
9/26/2019 16:00:00,142.19,142.57,141.56,141.79,8803139
9/27/2019 16:00:00,140.35,141.68,140.16,141.06,9665953
9/30/2019 16:00:00,139.77,140.21,138.03,138.87,15530068
10/1/2019 16:00:00,138.07,140.19,137.8,139.63,12502406
10/2/2019 16:00:00,140.79,141.88,140.46,141.26,11944623
10/3/2019 16:00:00,141.36,143.25,141.29,141.9,12407863
10/4/2019 16:00:00,141.48,142.31,141.14,141.9,9689966
10/7/2019 16:00:00,141.16,141.77,140.24,140.69,6162696
10/8/2019 16:00:00,142.03,142.29,141.17,141.92,10485490
10/9/2019 16:00:00,142.16,142.58,141.62,142.05,7052811
10/10/2019 16:00:00,141.59,141.66,140.58,140.81,9331584
10/11/2019 16:00:00,139.97,140.19,138.91,140.03,11425535
10/14/2019 16:00:00,140.45,140.82,140.34,140.59,4009169
10/15/2019 16:00:00,140.27,140.3,139.21,139.61,9131732
10/16/2019 16:00:00,140.14,140.53,139.7,140.41,10363893
10/17/2019 16:00:00,140.5,141.12,140.42,140.61,6224288
10/18/2019 16:00:00,140.5,140.71,140.32,140.46,6416213
10/21/2019 16:00:00,140.72,140.76,139.6,139.79,8314307
10/22/2019 16:00:00,140.13,140.3,139.72,140.2,3885045
10/23/2019 16:00:00,140.59,141,140.5,140.53,4160001
10/24/2019 16:00:00,141.02,141.74,140.93,141.53,6275566
10/25/2019 16:00:00,142.79,142.83,141.4,141.86,6011459
10/28/2019 16:00:00,141.25,141.25,140.4,140.64,5442028
10/29/2019 16:00:00,140,140.63,139.78,140.25,3835427
10/30/2019 16:00:00,140.54,141.04,139.55,141.02,6992869
10/31/2019 16:00:00,141.98,142.69,141.89,142.43,7050926
11/1/2019 16:00:00,142.21,142.9,142.01,142.56,8089975
11/4/2019 16:00:00,142.26,142.45,141.74,142.15,4740282
11/5/2019 16:00:00,140.65,140.89,139.38,139.85,11782250
11/6/2019 16:00:00,140.12,140.79,140,140.45,6416469
11/7/2019 16:00:00,140.11,140.2,137.6,138.27,15214223
11/8/2019 16:00:00,137.73,138.33,137.39,137.39,10378201
11/11/2019 16:00:00,137.61,137.79,136.44,137.06,7038053
11/12/2019 16:00:00,137.03,137.59,136.19,137.43,6451809
11/13/2019 16:00:00,137.8,138.22,137.64,137.98,8809752
11/14/2019 16:00:00,138.39,138.94,137.87,138.56,5220927
11/15/2019 16:00:00,138.03,138.42,137.97,138.21,10106940
11/18/2019 16:00:00,138.44,138.85,138.3,138.62,5722188
11/19/2019 16:00:00,138.13,138.97,138.13,138.69,4825641
11/20/2019 16:00:00,138.53,139,138.1,138.76,6894534
11/21/2019 16:00:00,138.39,138.56,137.77,138,4197208
11/22/2019 16:00:00,138.37,138.46,137.66,137.74,3620534
11/25/2019 16:00:00,137.32,137.62,136.99,137.08,6418042
11/26/2019 16:00:00,136.98,137.8,136.58,137.74,4725594
11/27/2019 16:00:00,137.03,137.21,136.83,137.01,4113152
11/29/2019 13:00:00,137.1,138.13,137.08,137.86,4516421
12/2/2019 16:00:00,137.32,138.09,137.3,137.79,8278535
12/3/2019 16:00:00,139.04,139.57,138.97,139.11,8502989
12/4/2019 16:00:00,139.16,139.17,138.59,138.92,6326512
12/5/2019 16:00:00,138.8,139.45,138.79,139,5674471
12/6/2019 16:00:00,137.76,137.83,137.4,137.62,8748968
12/9/2019 16:00:00,137.8,137.81,137.45,137.58,2814342
12/10/2019 16:00:00,138.25,138.33,137.74,137.97,3241771
12/11/2019 16:00:00,138.2,139.3,138.12,138.92,6117701
12/12/2019 16:00:00,139.78,139.85,137.88,138.43,8816618
12/13/2019 16:00:00,138.52,139.21,137.98,139.05,6979801
12/16/2019 16:00:00,139.2,139.39,138.8,139.04,4647211
12/17/2019 16:00:00,139.02,139.3,138.85,139.01,4288118
12/18/2019 16:00:00,138.86,139.25,138.81,139.02,3608069
12/19/2019 16:00:00,139.04,139.55,138.87,139.38,4975164
12/20/2019 16:00:00,139.37,139.52,138.98,139.52,4481503
12/23/2019 16:00:00,139.53,139.96,139.53,139.95,5182388
12/24/2019 13:00:00,140.44,141.33,140.43,141.27,5303698
12/26/2019 16:00:00,142.06,142.47,141.91,142.38,8343019
12/27/2019 16:00:00,142.26,142.73,142.17,142.33,5120441
12/30/2019 16:00:00,142.56,142.8,142.46,142.63,4812117
12/31/2019 16:00:00,143.31,143.6,142.8,142.9,5314467
1/2/2020 16:00:00,143.86,144.21,143.4,143.95,7736828
1/3/2020 16:00:00,145.75,146.32,145.4,145.86,12285501
1/6/2020 16:00:00,148.44,148.48,146.95,147.39,14409912
1/7/2020 16:00:00,147.57,148.14,147.43,147.97,8401088
1/8/2020 16:00:00,148.49,148.61,146.14,146.86,22276323
1/9/2020 16:00:00,146.07,146.41,145.44,146.03,10304334
1/10/2020 16:00:00,146.22,146.99,146.17,146.91,6183992
1/13/2020 16:00:00,146.35,146.38,145.78,145.82,7603649
1/14/2020 16:00:00,145.42,145.81,145.08,145.69,6607124
1/15/2020 16:00:00,146.21,146.73,145.82,146.54,6510029
1/16/2020 16:00:00,146.27,146.47,145.76,146.31,6069101
1/17/2020 16:00:00,146.51,146.99,146.31,146.58,11121140
1/21/2020 16:00:00,145.77,146.86,145.55,146.74,6086149
1/22/2020 16:00:00,146.68,146.81,146.38,146.79,4778186
1/23/2020 16:00:00,147,147.62,146.62,147.12,8419778
1/24/2020 16:00:00,146.9,148.38,146.89,147.98,9919871
1/27/2020 16:00:00,149.24,149.32,148.46,148.99,9988069
1/28/2020 16:00:00,148.36,148.56,147.53,147.66,7543088
1/29/2020 16:00:00,147.7,148.56,147.61,148.46,5023827
1/30/2020 16:00:00,148.69,149.31,148.01,148.47,9119545
1/31/2020 16:00:00,148.88,149.68,148.81,149.33,14788263
2/3/2020 16:00:00,148.66,148.78,147.68,148.36,9115075
2/4/2020 16:00:00,146.97,147.03,145.8,146.43,10525585
2/5/2020 16:00:00,146.38,146.81,146.16,146.61,6160661
2/6/2020 16:00:00,147.28,147.63,147,147.4,4819778
2/7/2020 16:00:00,147.83,148.18,147.34,147.79,6379311
2/10/2020 16:00:00,148.21,148.45,147.91,148.17,5793599
2/11/2020 16:00:00,148.03,148.16,147.01,147.66,5179392
2/12/2020 16:00:00,147.42,147.81,147.16,147.54,5040584
2/13/2020 16:00:00,148.24,148.58,147.95,148.38,7082098
2/14/2020 16:00:00,148.74,149.13,148.63,149,5345393
2/18/2020 16:00:00,149.88,151.09,149.47,150.91,11527580
2/19/2020 16:00:00,151,151.82,150.82,151.79,9269784
2/20/2020 16:00:00,152,152.83,151.95,152.41,8457348
2/21/2020 16:00:00,154.43,155.22,154.18,154.7,16353292
2/24/2020 16:00:00,158.5,158.53,155.36,156.09,27170954
2/25/2020 16:00:00,155.12,156.08,152.91,153.3,28091497
2/26/2020 16:00:00,153.82,155.28,152.9,153.97,17983155
2/27/2020 16:00:00,155.58,156.27,153.9,154,27878524
2/28/2020 16:00:00,152.71,152.77,147.05,148.38,42707124
3/2/2020 16:00:00,150,150.73,149.04,149.2,16295360
3/3/2020 16:00:00,150.84,155.24,150.74,153.89,28687689
3/4/2020 16:00:00,154.4,154.96,153.7,154.16,12315472
3/5/2020 16:00:00,156.06,157.62,155.72,157.49,17973475
3/6/2020 16:00:00,158.33,159.25,154.54,157.55,26973448
3/9/2020 16:00:00,158.6,159.37,156.33,157.81,24868674
3/10/2020 16:00:00,156.18,156.41,154.39,154.48,18811547
3/11/2020 16:00:00,156.25,156.5,153.61,153.93,18353302
3/12/2020 16:00:00,151.53,151.55,146.85,147.79,32893430
3/13/2020 16:00:00,149.42,149.6,141.58,143.28,35177244
3/16/2020 16:00:00,137.56,142.96,136.12,141.64,24495962
3/17/2020 16:00:00,140.18,146.2,139.93,143.56,24490276
3/18/2020 16:00:00,141.75,142.88,138.5,140.7,21953448
3/19/2020 16:00:00,139.08,140.5,137.85,138.04,20828884
3/20/2020 16:00:00,140.71,141.17,139.14,140.11,20056048
3/23/2020 16:00:00,142.68,146.93,142.28,146.3,28275212
3/24/2020 16:00:00,153.5,155.66,152.05,153.4,20743472
3/25/2020 16:00:00,152.58,152.88,151.01,151.3,16457183
3/26/2020 16:00:00,153.31,154.81,152.08,153.24,12778236
3/27/2020 16:00:00,153,153.55,152,152.25,9824572
3/30/2020 16:00:00,152.41,153.08,151.57,152.92,12080881
3/31/2020 16:00:00,151.36,151.8,147.97,148.05,13319495
4/1/2020 16:00:00,148.2,150.08,147.85,149.45,11827400
4/2/2020 16:00:00,151.2,152.5,150.7,151.9,9188303
4/3/2020 16:00:00,152.23,153.09,151.66,152.65,8469099
4/6/2020 16:00:00,154.16,157.22,153.96,156.88,14739272
4/7/2020 16:00:00,155.33,156.14,154.38,156.04,9195370
4/8/2020 16:00:00,155.91,155.94,154.59,154.65,7600804
4/9/2020 16:00:00,158.08,159.08,157.21,158.69,18123039
4/13/2020 16:00:00,159.17,162.38,158.63,161.41,20549213
4/14/2020 16:00:00,162.73,164.42,161.78,162.68,17095086
4/15/2020 16:00:00,161.8,162.54,160.81,161.85,12141890
4/16/2020 16:00:00,161.88,163.15,160.65,161.71,9233164
4/17/2020 16:00:00,159.72,160.07,158.12,158.57,14652737
4/20/2020 16:00:00,158.62,160.22,158.46,159.7,10688689
4/21/2020 16:00:00,157.6,159.21,157.04,158.61,12478080
4/22/2020 16:00:00,160.5,161.74,160.42,161.73,12937093
4/23/2020 16:00:00,162.39,163.6,161.84,163.34,14928503
4/24/2020 16:00:00,163.13,163.31,160.89,162.64,11203587
4/27/2020 16:00:00,161.88,162,160.41,161.56,9033533
4/28/2020 16:00:00,160.89,160.98,159.16,160.84,10382975
4/29/2020 16:00:00,160.1,161.85,159.76,161.73,12232348
4/30/2020 16:00:00,160.22,160.82,158.13,158.8,13633483
5/1/2020 16:00:00,158,160.45,157.8,159.78,10914334
5/4/2020 16:00:00,160.33,160.95,159.91,160.34,7986191
5/5/2020 16:00:00,160.16,161.1,159.33,161.02,10563066
5/6/2020 16:00:00,158.99,159.81,158.1,158.95,13351959
5/7/2020 16:00:00,159.5,161.96,159.36,161.39,13696493
5/8/2020 16:00:00,161.08,162,160,160.42,12244561
5/11/2020 16:00:00,160.34,160.71,158.89,159.42,11209822
5/12/2020 16:00:00,160.3,160.95,159.72,160.04,10405991
5/13/2020 16:00:00,160.94,161.62,160.54,161.58,10950397
5/14/2020 16:00:00,161.53,163.34,161.51,163.01,17084368
5/15/2020 16:00:00,164.02,164.8,163.08,163.93,13918816
5/18/2020 16:00:00,164.33,164.5,162.41,162.69,14137907
5/19/2020 16:00:00,163.6,164.43,163.04,164.26,8531719
5/20/2020 16:00:00,164.54,164.96,163.89,164.65,10666071
5/21/2020 16:00:00,163.46,163.58,161.37,162.25,11790992
5/22/2020 16:00:00,162.88,163.47,162.74,163.21,8540909
5/26/2020 16:00:00,162.58,162.58,160.69,160.89,13972012
5/27/2020 16:00:00,159.42,161.34,159.2,161.18,13063451
5/28/2020 16:00:00,162.12,162.46,160.9,161.72,9761610
5/29/2020 16:00:00,162.58,163.4,162.32,162.91,12584009
6/1/2020 16:00:00,162.92,163.74,162.39,163.66,8155048
6/2/2020 16:00:00,163.89,164.08,161.86,162.6,10388908
6/3/2020 16:00:00,160.34,160.9,158.82,159.6,17000510
6/4/2020 16:00:00,161.14,161.87,159.84,161.28,10094024
6/5/2020 16:00:00,158.72,158.72,157.04,158.01,16021182
6/8/2020 16:00:00,158.9,159.86,158.47,159.72,9244440
6/9/2020 16:00:00,161.1,161.78,160.87,161.26,9045618
6/10/2020 16:00:00,162.1,163.63,160.52,163.57,13009343
6/11/2020 16:00:00,163.35,164.06,161.97,162.39,11673902
6/12/2020 16:00:00,163.41,163.88,162.56,162.62,6895361
6/15/2020 16:00:00,160.52,162.56,160.16,162.33,8538826
6/16/2020 16:00:00,161.85,162.69,161.36,162.25,7969781
6/17/2020 16:00:00,162,162.62,161.77,162.56,4758210
6/18/2020 16:00:00,162.2,162.32,161.44,162.24,5397628
6/19/2020 16:00:00,162.87,164.09,162.78,164.03,12187390
6/22/2020 16:00:00,165.06,165.73,164.41,165.09,12385635
6/23/2020 16:00:00,165.63,166.52,165.52,166.48,12137343
6/24/2020 16:00:00,166.01,166.99,165.45,165.9,10901444
6/25/2020 16:00:00,165.89,165.91,165.16,165.8,7093774
6/26/2020 16:00:00,164.87,166.56,164.22,166.54,9753492
6/29/2020 16:00:00,166.56,166.8,166.18,166.63,6735695
6/30/2020 16:00:00,166.31,167.99,166.19,167.37,12762295
7/1/2020 16:00:00,167.05,167.06,165.34,166.62,13214759
7/2/2020 16:00:00,166.2,167.24,166.02,166.98,8753455
7/6/2020 16:00:00,167.75,168,167.19,167.98,7265701
7/7/2020 16:00:00,167.41,169.04,167.38,169.04,11633122
7/8/2020 16:00:00,170.32,170.86,169.78,170.09,11662726
7/9/2020 16:00:00,170.48,170.64,168.78,169.63,13327389
7/10/2020 16:00:00,169.95,170.15,168.57,169.19,8218013
7/13/2020 16:00:00,170.29,170.42,169.16,169.4,11095948
7/14/2020 16:00:00,168.97,170.2,168.81,170.19,9812736
7/15/2020 16:00:00,169.62,170.43,169.39,170.34,7533752
7/16/2020 16:00:00,169.8,170,168.65,168.73,10242371
7/17/2020 16:00:00,169.94,170.27,169.61,170.12,10296037
7/20/2020 16:00:00,170.76,171.07,170.27,170.94,10095548
7/21/2020 16:00:00,172.53,173.25,172.31,173,12864620
7/22/2020 16:00:00,174.05,175.77,173.76,175.63,18712467
7/23/2020 16:00:00,176.17,178.41,175.65,177.18,23006824
7/24/2020 16:00:00,179.14,179.16,178.2,178.7,15601327
7/27/2020 16:00:00,181.85,182.83,181.53,182.23,21115604
7/28/2020 16:00:00,182.02,184.26,181.42,183.75,21164633
7/29/2020 16:00:00,184.01,186.14,182.39,185.13,25640100
7/30/2020 16:00:00,183.44,184.33,182.13,183.76,18061227
7/31/2020 16:00:00,184.51,185.75,184.17,185.43,15885010