Date,Value
7/31/20,327789
7/30/20,346521
7/29/20,354742
7/28/20,326769
7/27/20,298580
7/26/20,293883
7/25/20,369432
7/24/20,336245
7/23/20,364792
7/22/20,312871
7/21/20,309747
7/20/20,277093
7/19/20,311022
7/18/20,293907
7/17/20,345849
7/16/20,316064
7/15/20,359847
7/14/20,310227
7/13/20,282364
7/12/20,306771
7/11/20,345996
7/10/20,362718
7/9/20,347455
7/8/20,345975
7/7/20,338767
7/6/20,274104
7/5/20,288647
7/4/20,331009
7/3/20,339469
7/2/20,382570
7/1/20,299733
6/30/20,315424
6/29/20,264909
6/28/20,275489
6/27/20,330381
6/26/20,312183
6/25/20,312321
6/24/20,355256
6/23/20,301396
6/22/20,259440
6/21/20,284123
6/20/20,344142
6/19/20,283897
6/18/20,333547
6/17/20,340517
6/16/20,294468
6/15/20,275723
6/14/20,280181
6/13/20,318274
6/12/20,332490
6/11/20,325163
6/10/20,327074
6/9/20,317275
6/8/20,252368
6/7/20,284873
6/6/20,327082
6/5/20,318285
6/4/20,314000
6/3/20,304114
6/2/20,308312
6/1/20,258427
5/31/20,286046
5/30/20,280960
5/29/20,299910
5/28/20,292927
5/27/20,295782
5/26/20,265875
5/25/20,214530
5/24/20,269230
5/23/20,278784
5/22/20,298483
5/21/20,280037
5/20/20,274897
5/19/20,273723
5/18/20,236808
5/17/20,296555
5/16/20,310642
5/15/20,268750
5/14/20,296796
5/13/20,345215
5/12/20,305839
5/11/20,286789
5/10/20,312399
5/9/20,323625
5/8/20,341986
5/7/20,333395
5/6/20,329075
5/5/20,326098
5/4/20,281752
5/3/20,286773
5/2/20,340574
5/1/20,321972
4/30/20,331401
4/29/20,323475
4/28/20,311217
4/27/20,252833
4/26/20,280805
4/25/20,320055
4/24/20,329045
4/23/20,278755
4/22/20,310851
4/21/20,310810
4/20/20,251984
4/19/20,289134
4/18/20,284222
4/17/20,322903
4/16/20,310253
4/15/20,299391
4/14/20,288113
4/13/20,228529
4/12/20,247852
4/11/20,288585
4/10/20,286706
4/9/20,286563
4/8/20,312770
4/7/20,280470
4/6/20,240259
4/5/20,253274
4/4/20,278763
4/3/20,299176
4/2/20,281855
4/1/20,290227
3/31/20,276828
3/30/20,232820
3/29/20,240627
3/28/20,276546
3/27/20,292828
3/26/20,218176
3/25/20,278131
3/24/20,259816
3/23/20,209154
3/22/20,245896
3/21/20,284594
3/20/20,265689
3/19/20,231254
3/18/20,278326
3/17/20,270399
3/16/20,223230
3/15/20,279828
3/14/20,276798
3/13/20,349978
3/12/20,287492
3/11/20,329698
3/10/20,348211
3/9/20,302694
3/8/20,313312
3/7/20,338383
3/6/20,349529
3/5/20,358745
3/4/20,342324
3/3/20,342821
3/2/20,309849
3/1/20,307527
2/29/20,368590
2/28/20,338781
2/27/20,329967
2/26/20,334593
2/25/20,328890
2/24/20,285579
2/23/20,304597
2/22/20,338484
2/21/20,316626
2/20/20,334805
2/19/20,331050
2/18/20,341491
2/17/20,292236
2/16/20,322721
2/15/20,326078
2/14/20,340081
2/13/20,344615
2/12/20,365583
2/11/20,298104
2/10/20,317070
2/9/20,318363
2/8/20,334938
2/7/20,315370
2/6/20,368604
2/5/20,309190
2/4/20,331012
2/3/20,290879
2/2/20,303724
2/1/20,334434
1/31/20,332558
1/30/20,340562
1/29/20,340052
1/28/20,279240
1/27/20,261247
1/26/20,285584
1/25/20,313887
1/24/20,329918
1/23/20,328586
1/22/20,315210
1/21/20,313661
1/20/20,283960
1/19/20,287237
1/18/20,323992
1/17/20,325947
1/16/20,332658
1/15/20,346953
1/14/20,291597
1/13/20,283136
1/12/20,309070
1/11/20,330734
1/10/20,322057
1/9/20,318019
1/8/20,344079
1/7/20,299146
1/6/20,287779
1/5/20,287215
1/4/20,316517
1/3/20,295567
1/2/20,251735
1/1/20,293447
12/31/19,324497
12/30/19,279925
12/29/19,298287
12/28/19,322204
12/27/19,296063
12/26/19,244666
12/25/19,290436
12/24/19,304845
12/23/19,281070
12/22/19,311118
12/21/19,332657
12/20/19,319555
12/19/19,314249
12/18/19,319254
12/17/19,327085
12/16/19,263441
12/15/19,293496
12/14/19,322888
12/13/19,311795
12/12/19,291248
12/11/19,320064
12/10/19,313629
12/9/19,278853
12/8/19,285284
12/7/19,315386
12/6/19,311468
12/5/19,337284
12/4/19,336512
12/3/19,314730
12/2/19,274621
12/1/19,277458
11/30/19,311290
11/29/19,309623
11/28/19,317597
11/27/19,321310
11/26/19,279470
11/25/19,267368
11/24/19,306424
11/23/19,310539
11/22/19,323954
11/21/19,321086
11/20/19,327630
11/19/19,304671
11/18/19,264370
11/17/19,283468
11/16/19,325145
11/15/19,350023
11/14/19,318945
11/13/19,301382
11/12/19,326707
11/11/19,299712
11/10/19,306163
11/9/19,311441
11/8/19,324487
11/7/19,314698
11/6/19,332839
11/5/19,310979
11/4/19,294367
11/3/19,284443
11/2/19,316187
11/1/19,293779
10/31/19,314163
10/30/19,307953
10/29/19,309611
10/28/19,256253
10/27/19,305722
10/26/19,328598
10/25/19,303843
10/24/19,349320
10/23/19,341464
10/22/19,351791
10/21/19,289796
10/20/19,304736
10/19/19,339390
10/18/19,334105
10/17/19,338473
10/16/19,339698
10/15/19,304466
10/14/19,279487
10/13/19,301693
10/12/19,345425
10/11/19,345048
10/10/19,311049
10/9/19,336354
10/8/19,328803
10/7/19,277613
10/6/19,326683
10/5/19,337222
10/4/19,326514
10/3/19,326557
10/2/19,337244
10/1/19,311396
9/30/19,285542
9/29/19,314433
9/28/19,303903
9/27/19,355775
9/26/19,347747
9/25/19,353263
9/24/19,288149
9/23/19,318713
9/22/19,336013
9/21/19,340929
9/20/19,346110
9/19/19,363185
9/18/19,343778
9/17/19,347341
9/16/19,274146
9/15/19,299894
9/14/19,308856
9/13/19,335868
9/12/19,338276
9/11/19,339858
9/10/19,316852
9/9/19,288507
9/8/19,314429
9/7/19,365531
9/6/19,352410
9/5/19,324741
9/4/19,370631
9/3/19,327248
9/2/19,285468
9/1/19,342195
8/31/19,349200
8/30/19,346734
8/29/19,341200
8/28/19,325984
8/27/19,318219
8/26/19,288934
8/25/19,304481
8/24/19,340220
8/23/19,322453
8/22/19,308808
8/21/19,333304
8/20/19,330473
8/19/19,276365
8/18/19,288256
8/17/19,323625
8/16/19,355644
8/15/19,359997
8/14/19,370747
8/13/19,297446
8/12/19,273280
8/11/19,304138
8/10/19,341125
8/9/19,336181
8/8/19,370909
8/7/19,368348
8/6/19,339136
8/5/19,298805
8/4/19,327588
8/3/19,349556
8/2/19,335943
8/1/19,361337
7/31/19,328375
7/30/19,333619
7/29/19,272974
7/28/19,283892
7/27/19,319612
7/26/19,336536
7/25/19,295589
7/24/19,320352
7/23/19,319399
7/22/19,283934
7/21/19,323002
7/20/19,299891
7/19/19,315745
7/18/19,324892
7/17/19,363337
7/16/19,349111
7/15/19,303287
7/14/19,304545
7/13/19,360899
7/12/19,325776
7/11/19,315664
7/10/19,365588
7/9/19,378966
7/8/19,313273
7/7/19,348674
7/6/19,378453
7/5/19,370704
7/4/19,397554
7/3/19,373409
7/2/19,336862
7/1/19,330731
6/30/19,356682
6/29/19,407094
6/28/19,361050
6/27/19,399624
6/26/19,361385
6/25/19,388342
6/24/19,380088
6/23/19,354075
6/22/19,337741
6/21/19,330103
6/20/19,401032
6/19/19,394843
6/18/19,321072
6/17/19,295254
6/16/19,330954
6/15/19,364383
6/14/19,364373
6/13/19,328464
6/12/19,340449
6/11/19,353629
6/10/19,300917
6/9/19,294369
6/8/19,350011
6/7/19,364526
6/6/19,372948
6/5/19,374763
6/4/19,294009
6/3/19,301003
6/2/19,332092
6/1/19,298997
5/31/19,376874
5/30/19,405155
5/29/19,390427
5/28/19,399584
5/27/19,374072
5/26/19,338398
5/25/19,373882
5/24/19,389343
5/23/19,394887
5/22/19,380889
5/21/19,381582
5/20/19,346859
5/19/19,359704
5/18/19,361654
5/17/19,375062
5/16/19,368901
5/15/19,367370
5/14/19,390428
5/13/19,338571
5/12/19,344957
5/11/19,322963
5/10/19,361569
5/9/19,393081
5/8/19,329943
5/7/19,378476
5/6/19,330732
5/5/19,355910
5/4/19,383032
5/3/19,452646
5/2/19,439549
5/1/19,346486
4/30/19,363207
4/29/19,383291
4/28/19,359008
4/27/19,381209
4/26/19,384089
4/25/19,404279
4/24/19,311753
4/23/19,342014
4/22/19,390735
4/21/19,319840
4/20/19,362128
4/19/19,382981
4/18/19,350737
4/17/19,358517
4/16/19,381473
4/15/19,337030
4/14/19,367076
4/13/19,376767
4/12/19,402802
4/11/19,396501
4/10/19,346071
4/9/19,372417
4/8/19,350631
4/7/19,359569
4/6/19,387090
4/5/19,354660
4/4/19,360250
4/3/19,401507
4/2/19,368904
4/1/19,381652
3/31/19,377783
3/30/19,369817
3/29/19,393698
3/28/19,383186
3/27/19,366415
3/26/19,322191
3/25/19,226166
3/24/19,251573
3/23/19,298524
3/22/19,300712
3/21/19,304960
3/20/19,304744
3/19/19,291505
3/18/19,227290
3/17/19,262267
3/16/19,296970
3/15/19,299929
3/14/19,285957
3/13/19,285653
3/12/19,294741
3/11/19,212877
3/10/19,239492
3/9/19,285264
3/8/19,282523
3/7/19,277863
3/6/19,285716
3/5/19,304188
3/4/19,353683
3/3/19,335864
3/2/19,354422
3/1/19,367827
2/28/19,344560
2/27/19,366568
2/26/19,336634
2/25/19,320446
2/24/19,328239
2/23/19,350306
2/22/19,297595
2/21/19,314320
2/20/19,348242
2/19/19,344274
2/18/19,327463
2/17/19,332137
2/16/19,296729
2/15/19,354483
2/14/19,352651
2/13/19,271573
2/12/19,315725
2/11/19,299609
2/10/19,310892
2/9/19,335280
2/8/19,353046
2/7/19,349596
2/6/19,354069
2/5/19,335288
2/4/19,300171
2/3/19,322032
2/2/19,339341
2/1/19,353945
1/31/19,321980
1/30/19,326162
1/29/19,308062
1/28/19,276651
1/27/19,288285
1/26/19,301085
1/25/19,308146
1/24/19,293494
1/23/19,296040
1/22/19,315202
1/21/19,294118
1/20/19,282188
1/19/19,305965
1/18/19,296695
1/17/19,305702
1/16/19,302279
1/15/19,326685
1/14/19,276997
1/13/19,281502
1/12/19,308372
1/11/19,327338
1/10/19,319056
1/9/19,318524
1/8/19,284782
1/7/19,258522
1/6/19,265192
1/5/19,281772
1/4/19,291016
1/3/19,271696
1/2/19,234725
1/1/19,259684
12/31/18,267639
12/30/18,264980
12/29/18,308267
12/28/18,300020
12/27/18,281305
12/26/18,265052
12/25/18,272297
12/24/18,250739
12/23/18,251216
12/22/18,280588
12/21/18,287273
12/20/18,302392
12/19/18,266245
12/18/18,298823
12/17/18,226453
12/16/18,262879
12/15/18,275801
12/14/18,268422
12/13/18,261423
12/12/18,251487
12/11/18,258353
12/10/18,238569
12/9/18,231104
12/8/18,253890
12/7/18,279654
12/6/18,256501
12/5/18,270189
12/4/18,240652
12/3/18,222673
12/2/18,241847
12/1/18,250157
11/30/18,246226
11/29/18,254456
11/28/18,268533
11/27/18,257062
11/26/18,239256
11/25/18,250017
11/24/18,275261
11/23/18,266116
11/22/18,254942
11/21/18,288450
11/20/18,267971
11/19/18,239803
11/18/18,262649
11/17/18,283124
11/16/18,291525
11/15/18,292755
11/14/18,279160
11/13/18,300006
11/12/18,246991
11/11/18,252499
11/10/18,283896
11/9/18,277597
11/8/18,293734
11/7/18,285451
11/6/18,296283
11/5/18,226247
11/4/18,249564
11/3/18,292704
11/2/18,281941
11/1/18,288283
10/31/18,283327
10/30/18,269754
10/29/18,219860
10/28/18,233749
10/27/18,253002
10/26/18,254599
10/25/18,254091
10/24/18,253463
10/23/18,255324
10/22/18,211505
10/21/18,227821
10/20/18,253826
10/19/18,253450
10/18/18,260362
10/17/18,257967
10/16/18,266945
10/15/18,191259
10/14/18,205097
10/13/18,243174
10/12/18,262467
10/11/18,244945
10/10/18,235862
10/9/18,248041
10/8/18,219731
10/7/18,214843
10/6/18,244719
10/5/18,243157
10/4/18,242303
10/3/18,244772
10/2/18,242820
10/1/18,208210
9/30/18,218339
9/29/18,254239
9/28/18,248686
9/27/18,243927
9/26/18,252113
9/25/18,237670
9/24/18,200319
9/23/18,225537
9/22/18,273051
9/21/18,253674
9/20/18,251037
9/19/18,244259
9/18/18,240152
9/17/18,179483
9/16/18,211071
9/15/18,223250
9/14/18,234209
9/13/18,233275
9/12/18,237571
9/11/18,222866
9/10/18,188912
9/9/18,204428
9/8/18,230790
9/7/18,252261
9/6/18,246477
9/5/18,232265
9/4/18,222897
9/3/18,187145
9/2/18,213331
9/1/18,237076
8/31/18,231391
8/30/18,237508
8/29/18,238039
8/28/18,223656
8/27/18,172747
8/26/18,196420
8/25/18,219848
8/24/18,217352
8/23/18,230333
8/22/18,217777
8/21/18,214983
8/20/18,167400
8/19/18,190935
8/18/18,233794
8/17/18,232335
8/16/18,246066
8/15/18,247622
8/14/18,222229
8/13/18,165044
8/12/18,192438
8/11/18,226148
8/10/18,222326
8/9/18,235311
8/8/18,233045
8/7/18,218607
8/6/18,172181
8/5/18,191657
8/4/18,229859
8/3/18,224873
8/2/18,241044
8/1/18,242977
7/31/18,230924
7/30/18,168407
7/29/18,188238
7/28/18,229397
7/27/18,231679
7/26/18,250208
7/25/18,259358
7/24/18,229480
7/23/18,167129
7/22/18,184803
7/21/18,225529
7/20/18,225039
7/19/18,238769
7/18/18,233966
7/17/18,207842
7/16/18,161151
7/15/18,176475
7/14/18,207904
7/13/18,203535
7/12/18,202603
7/11/18,216063
7/10/18,206546
7/9/18,155685
7/8/18,170160
7/7/18,200993
7/6/18,199600
7/5/18,206788
7/4/18,216747
7/3/18,199294
7/2/18,156247
7/1/18,181065
6/30/18,197881
6/29/18,187624
6/28/18,188510
6/27/18,195404
6/26/18,200173
6/25/18,158022
6/24/18,163295
6/23/18,204144
6/22/18,198113
6/21/18,198889
6/20/18,191805
6/19/18,196305
6/18/18,144908
6/17/18,159090
6/16/18,205861
6/15/18,210029
6/14/18,211829
6/13/18,214595
6/12/18,213196
6/11/18,179809
6/10/18,171306
6/9/18,200379
6/8/18,207627
6/7/18,206417
6/6/18,212901
6/5/18,209916
6/4/18,163443
6/3/18,174497
6/2/18,205481
6/1/18,209526
5/31/18,204077
5/30/18,204769
5/29/18,189063
5/28/18,144304
5/27/18,158783
5/26/18,196181
5/25/18,206825
5/24/18,223196
5/23/18,203337
5/22/18,202647
5/21/18,158663
5/20/18,173274
5/19/18,211496
5/18/18,192683
5/17/18,208463
5/16/18,214779
5/15/18,209697
5/14/18,158794
5/13/18,182054
5/12/18,213624
5/11/18,208961
5/10/18,206579
5/9/18,217810
5/8/18,205063
5/7/18,171761
5/6/18,202703
5/5/18,219069
5/4/18,228521
5/3/18,212296
5/2/18,199959
5/1/18,215107
4/30/18,180798
4/29/18,203681
4/28/18,211119
4/27/18,216732
4/26/18,213155
4/25/18,254493
4/24/18,226353
4/23/18,171870
4/22/18,193975
4/21/18,207777
4/20/18,213523
4/19/18,200740
4/18/18,201820
4/17/18,196106
4/16/18,174031
4/15/18,161843
4/14/18,217282
4/13/18,210879
4/12/18,183248
4/11/18,186415
4/10/18,176563
4/9/18,138535
4/8/18,154639
4/7/18,172889
4/6/18,181832
4/5/18,185710
4/4/18,198919
4/3/18,168178
4/2/18,135129
4/1/18,148617
3/31/18,185940
3/30/18,192411
3/29/18,177521
3/28/18,187065
3/27/18,187850
3/26/18,135274
3/25/18,157087
3/24/18,179818
3/23/18,185187
3/22/18,194846
3/21/18,195168
3/20/18,191528
3/19/18,164401
3/18/18,154496
3/17/18,186979
3/16/18,206186
3/15/18,191042
3/14/18,196140
3/13/18,188394
3/12/18,150884
3/11/18,156228
3/10/18,198180
3/9/18,196422
3/8/18,213978
3/7/18,206016
3/6/18,201438
3/5/18,160231
3/4/18,177024
3/3/18,195073
3/2/18,233744
3/1/18,189223
2/28/18,219624
2/27/18,186474
2/26/18,144869
2/25/18,154534
2/24/18,185193
2/23/18,183235
2/22/18,205201
2/21/18,198455
2/20/18,187367
2/19/18,159495
2/18/18,173789
2/17/18,187738
2/16/18,198183
2/15/18,196417
2/14/18,182984
2/13/18,186918
2/12/18,147208
2/11/18,181783
2/10/18,177860
2/9/18,173289
2/8/18,213719
2/7/18,244120
2/6/18,216363
2/5/18,173687
2/4/18,194891
2/3/18,235918
2/2/18,257664
2/1/18,204276
1/31/18,236609
1/30/18,232176
1/29/18,213446
1/28/18,193578
1/27/18,220459
1/26/18,236580
1/25/18,250423
1/24/18,271936
1/23/18,245562
1/22/18,215622
1/21/18,240611
1/20/18,243619
1/19/18,309495
1/18/18,315771
1/17/18,303725
1/16/18,273623
1/15/18,235045
1/14/18,265735
1/13/18,300091
1/12/18,337959
1/11/18,347393
1/10/18,360265
1/9/18,345672
1/8/18,368187
1/7/18,358847
1/6/18,342707
1/5/18,425008
1/4/18,395963
1/3/18,340980
1/2/18,241757
1/1/18,290422
12/31/17,344407
12/30/17,353824
12/29/17,305053
12/28/17,307642
12/27/17,247440
12/26/17,228926
12/25/17,279523
12/24/17,308211
12/23/17,380648
12/22/17,335482
12/21/17,370277
12/20/17,378622
12/19/17,394239
12/18/17,391910
12/17/17,364222
12/16/17,405676
12/15/17,490644
12/14/17,424579
12/13/17,372977
12/12/17,368598
12/11/17,341420
12/10/17,403399
12/9/17,385092
12/8/17,372345
12/7/17,443587
12/6/17,405709
12/5/17,400686
12/4/17,353044
12/3/17,326354
12/2/17,412908
12/1/17,384386
11/30/17,398090
11/29/17,365977
11/28/17,379256
11/27/17,329677
11/26/17,336689
11/25/17,305735
11/24/17,352207
11/23/17,256709
11/22/17,371091
11/21/17,336204
11/20/17,264855
11/19/17,270874
11/18/17,306617
11/17/17,310396
11/16/17,321788
11/15/17,271995
11/14/17,309299
11/13/17,185966
11/12/17,194634
11/11/17,271745
11/10/17,341281
11/9/17,301346
11/8/17,335636
11/7/17,271029
11/6/17,251728
11/5/17,294121
11/4/17,277598
11/3/17,341474
11/2/17,241788
11/1/17,277535
10/31/17,316077
10/30/17,334025
10/29/17,207066
10/28/17,246692
10/27/17,265827
10/26/17,315415
10/25/17,347220
10/24/17,316096
10/23/17,289131
10/22/17,312257
10/21/17,312409
10/20/17,356985
10/19/17,329579
10/18/17,334438
10/17/17,314725
10/16/17,283473
10/15/17,293140
10/14/17,309819
10/13/17,293164
10/12/17,292459
10/11/17,303101
10/10/17,296946
10/9/17,238385
10/8/17,231226
10/7/17,283699
10/6/17,273243
10/5/17,232826
10/4/17,282132
10/3/17,295002
10/2/17,203653
10/1/17,212678
9/30/17,254438
9/29/17,275976
9/28/17,257961
9/27/17,263648
9/26/17,226603
9/25/17,185277
9/24/17,203861
9/23/17,227615
9/22/17,255257
9/21/17,235723
9/20/17,282917
9/19/17,218204
9/18/17,197683
9/17/17,228257
9/16/17,292079
9/15/17,268068
9/14/17,263320
9/13/17,256230
9/12/17,253492
9/11/17,193240
9/10/17,217890
9/9/17,279488
9/8/17,256374
9/7/17,276225
9/6/17,277948
9/5/17,269280
9/4/17,195289
9/3/17,236811
9/2/17,283670
9/1/17,280724
8/31/17,271466
8/30/17,281116
8/29/17,223771
8/28/17,261891
8/27/17,226485
8/26/17,208169
8/25/17,203805
8/24/17,315734
8/23/17,196283
8/22/17,236772
8/21/17,210852
8/20/17,266832
8/19/17,312250
8/18/17,347319
8/17/17,274866
8/16/17,311002
8/15/17,255362
8/14/17,263310
8/13/17,260521
8/12/17,284001
8/11/17,257965
8/10/17,260955
8/9/17,275574
8/8/17,249002
8/7/17,199627
8/6/17,239771
8/5/17,235792
8/4/17,213017
8/3/17,209321
8/2/17,131875
8/1/17,231012
7/31/17,184145
7/30/17,211134
7/29/17,247207
7/28/17,225369
7/27/17,237853
7/26/17,244036
7/25/17,240072
7/24/17,181031
7/23/17,223358
7/22/17,268443
7/21/17,230199
7/20/17,253768
7/19/17,260575
7/18/17,230315
7/17/17,203165
7/16/17,221851
7/15/17,227903
7/14/17,245895
7/13/17,257138
7/12/17,265759
7/11/17,251722
7/10/17,188124
7/9/17,220835
7/8/17,243614
7/7/17,225106
7/6/17,237008
7/5/17,255483
7/4/17,253244
7/3/17,253244
7/2/17,196539
7/1/17,267360
6/30/17,231054
6/29/17,279811
6/28/17,259737
6/27/17,261906
6/26/17,180719
6/25/17,227127
6/24/17,259938
6/23/17,269685
6/22/17,280203
6/21/17,269438
6/20/17,269774
6/19/17,209359
6/18/17,236554
6/17/17,269937
6/16/17,293141
6/15/17,287644
6/14/17,291776
6/13/17,269098
6/12/17,222892
6/11/17,254993
6/10/17,282184
6/9/17,307377
6/8/17,339720
6/7/17,297416
6/6/17,289930
6/5/17,266044
6/4/17,305320
6/3/17,271539
6/2/17,319709
6/1/17,321634
5/31/17,347961
5/30/17,321638
5/29/17,308143
5/28/17,331914
5/27/17,333340
5/26/17,350114
5/25/17,338642
5/24/17,367710
5/23/17,327868
5/22/17,326057
5/21/17,352805
5/20/17,319502
5/19/17,288904
5/18/17,317527
5/17/17,233977
5/16/17,329229
5/15/17,369098
5/14/17,329266
5/13/17,317698
5/12/17,294743
5/11/17,311391
5/10/17,332879
5/9/17,365096
5/8/17,316011
5/7/17,363022
5/6/17,267193
5/5/17,354737
5/4/17,295149
5/3/17,333161
5/2/17,294786
5/1/17,281489
4/30/17,341319
4/29/17,305271
4/28/17,297884
4/27/17,334471
4/26/17,325387
4/25/17,222671
4/24/17,245039
4/23/17,268712
4/22/17,330354
4/21/17,269625
4/20/17,310104
4/19/17,303091
4/18/17,245184
4/17/17,211829
4/16/17,271976
4/15/17,290208
4/14/17,228679
4/13/17,278093
4/12/17,307893
4/11/17,275496
4/10/17,238286
4/9/17,226959
4/8/17,295463
4/7/17,290465
4/6/17,316555
4/5/17,256015
4/4/17,288141
4/3/17,244203
4/2/17,255871
4/1/17,259403
3/31/17,288788
3/30/17,283931
3/29/17,294001
3/28/17,232291
3/27/17,221915
3/26/17,242975
3/25/17,289521
3/24/17,287871
3/23/17,320713
3/22/17,288055
3/21/17,277033
3/20/17,271239
3/19/17,263530
3/18/17,292196
3/17/17,327034
3/16/17,292434
3/15/17,310395
3/14/17,273079
3/13/17,221110
3/12/17,280681
3/11/17,308482
3/10/17,303632
3/9/17,297108
3/8/17,327902
3/7/17,287731
3/6/17,280739
3/5/17,268875
3/4/17,337310
3/3/17,329428
3/2/17,315883
3/1/17,325414
2/28/17,284555
2/27/17,265203
2/26/17,326521
2/25/17,350751
2/24/17,325913
2/23/17,284024
2/22/17,279090
2/21/17,282728
2/20/17,251721
2/19/17,288149
2/18/17,319767
2/17/17,285329
2/16/17,294786
2/15/17,315084
2/14/17,288290
2/13/17,238182
2/12/17,262686
2/11/17,304456
2/10/17,346544
2/9/17,308316
2/8/17,325268
2/7/17,230027
2/6/17,292101
2/5/17,286326
2/4/17,323563
2/3/17,259559
2/2/17,350560
2/1/17,307683
1/31/17,250829
1/30/17,241627
1/29/17,246395
1/28/17,263332
1/27/17,317904
1/26/17,305961
1/25/17,278177
1/24/17,236692
1/23/17,236886
1/22/17,263562
1/21/17,298377
1/20/17,300605
1/19/17,298751
1/18/17,292697
1/17/17,267640
1/16/17,235999
1/15/17,242269
1/14/17,275149
1/13/17,297756
1/12/17,303058
1/11/17,323888
1/10/17,269947
1/9/17,260101
1/8/17,284719
1/7/17,346405
1/6/17,288501
1/5/17,330164
1/4/17,301664
1/3/17,293682
1/2/17,180502
1/1/17,250273
12/31/16,286818
12/30/16,304605
12/29/16,305394
12/28/16,296546
12/27/16,244914
12/26/16,199614
12/25/16,240820
12/24/16,304997
12/23/16,314644
12/22/16,325677
12/21/16,296473
12/20/16,284852
12/19/16,235789
12/18/16,239034
12/17/16,279361
12/16/16,282685
12/15/16,286328
12/14/16,291757
12/13/16,268662
12/12/16,268662
12/11/16,250241
12/10/16,268815
12/9/16,282711
12/8/16,311361
12/7/16,319762
12/6/16,278001
12/5/16,245650
12/4/16,287988
12/3/16,318263
12/2/16,239682
12/1/16,292654
11/30/16,294140
11/29/16,298530
11/28/16,237389
11/27/16,279374
11/26/16,315387
11/25/16,333466
11/24/16,276924
11/23/16,285635
11/22/16,287414
11/21/16,246537
11/20/16,249760
11/19/16,275925
11/18/16,277460
11/17/16,291186
11/16/16,280352
11/15/16,270506
11/14/16,221328
11/13/16,228886
11/12/16,254619
11/11/16,271374
11/10/16,270095
11/9/16,296060
11/8/16,274281
11/7/16,228420
11/6/16,242032
11/5/16,248043
11/4/16,273338
11/3/16,268418
11/2/16,246650
11/1/16,241778
10/31/16,209337
10/30/16,229689
10/29/16,250876
10/28/16,326388
10/27/16,225924
10/26/16,237030
10/25/16,226980
10/24/16,191578
10/23/16,216708
10/22/16,265355
10/21/16,270380
10/20/16,201025
10/19/16,251521
10/18/16,237232
10/17/16,197876
10/16/16,210448
10/15/16,239724
10/14/16,229703
10/13/16,235664
10/12/16,263565
10/11/16,224774
10/10/16,210548
10/9/16,250672
10/8/16,268419
10/7/16,274486
10/6/16,266811
10/5/16,264662
10/4/16,260813
10/3/16,192683
10/2/16,213930
10/1/16,250943
9/30/16,242730
9/29/16,234995
9/28/16,243008
9/27/16,230769
9/26/16,197298
9/25/16,210510
9/24/16,223187
9/23/16,231227
9/22/16,239216
9/21/16,247987
9/20/16,223540
9/19/16,191603
9/18/16,215529
9/17/16,213142
9/16/16,233488
9/15/16,231800
9/14/16,241215
9/13/16,208649
9/12/16,180391
9/11/16,193320
9/10/16,222094
9/9/16,227006
9/8/16,250809
9/7/16,232118
9/6/16,227683
9/5/16,183244
9/4/16,182204
9/3/16,225856
9/2/16,238207
9/1/16,226377
8/31/16,254486
8/30/16,225282
8/29/16,174489
8/28/16,191098
8/27/16,226767
8/26/16,234009
8/25/16,237956
8/24/16,239021
8/23/16,229801
8/22/16,184904
8/21/16,210352
8/20/16,246095
8/19/16,239541
8/18/16,238003
8/17/16,256447
8/16/16,202896
8/15/16,200577
8/14/16,217257
8/13/16,232973
8/12/16,254515
8/11/16,245581
8/10/16,233704
8/9/16,236291
8/8/16,192414
8/7/16,196551
8/6/16,228244
8/5/16,231835
8/4/16,245549
8/3/16,252252
8/2/16,225049
8/1/16,192254
7/31/16,199484
7/30/16,231414
7/29/16,236946
7/28/16,235603
7/27/16,237673
7/26/16,240533
7/25/16,186521
7/24/16,195796
7/23/16,221404
7/22/16,217606
7/21/16,227429
7/20/16,222146
7/19/16,225827
7/18/16,171013
7/17/16,182192
7/16/16,216081
7/15/16,220655
7/14/16,218093
7/13/16,219034
7/12/16,218089
7/11/16,162608
7/10/16,185405
7/9/16,210701
7/8/16,216812
7/7/16,214691
7/6/16,214959
7/5/16,213900
7/4/16,177127
7/3/16,198875
7/2/16,210409
7/1/16,231960
6/30/16,224112
6/29/16,213058
6/28/16,217029
6/27/16,183755
6/26/16,210998
6/25/16,238888
6/24/16,241300
6/23/16,235641
6/22/16,248164
6/21/16,249334
6/20/16,218298
6/19/16,236291
6/18/16,253752
6/17/16,267870
6/16/16,262510
6/15/16,247632
6/14/16,251354
6/13/16,210711
6/12/16,213159
6/11/16,228367
6/10/16,236353
6/9/16,229933
6/8/16,248576
6/7/16,221171
6/6/16,190528
6/5/16,196665
6/4/16,234669
6/3/16,231099
6/2/16,234385
6/1/16,215249
5/31/16,211369
5/30/16,178742
5/29/16,193054
5/28/16,215296
5/27/16,220093
5/26/16,247844
5/25/16,246517
5/24/16,222755
5/23/16,184348
5/22/16,191461
5/21/16,209396
5/20/16,219146
5/19/16,235084
5/18/16,238626
5/17/16,239809
5/16/16,200171
5/15/16,211280
5/14/16,232146
5/13/16,228409
5/12/16,234412
5/11/16,245721
5/10/16,226451
5/9/16,185562
5/8/16,202062
5/7/16,233232
5/6/16,229580
5/5/16,233693
5/4/16,235609
5/3/16,223785
5/2/16,191430
5/1/16,215712
4/30/16,261884
4/29/16,247958
4/28/16,239435
4/27/16,250744
4/26/16,217564
4/25/16,183155
4/24/16,185216
4/23/16,210976
4/22/16,212795
4/21/16,216780
4/20/16,227795
4/19/16,203165
4/18/16,191478
4/17/16,192621
4/16/16,216850
4/15/16,230281
4/14/16,222711
4/13/16,240200
4/12/16,217378
4/11/16,181662
4/10/16,207555
4/9/16,215441
4/8/16,219915
4/7/16,218585
4/6/16,216684
4/5/16,200979
4/4/16,176722
4/3/16,196651
4/2/16,203811
4/1/16,208976
3/31/16,207906
3/30/16,191841
3/29/16,181300
3/28/16,161486
3/27/16,162398
3/26/16,173609
3/25/16,194985
3/24/16,187877
3/23/16,210488
3/22/16,189228
3/21/16,175963
3/20/16,188863
3/19/16,203578
3/18/16,206973
3/17/16,215973
3/16/16,197677
3/15/16,197677
3/14/16,187401
3/13/16,141116
3/12/16,193874
3/11/16,192611
3/10/16,187623
3/9/16,193929
3/8/16,183530
3/7/16,171486
3/6/16,238117
3/5/16,212104
3/4/16,221257
3/3/16,276448
3/2/16,260619
3/1/16,265695
2/29/16,224697
2/28/16,182423
2/27/16,209880
2/26/16,218699
2/25/16,225112
2/24/16,246578
2/23/16,224964
2/22/16,209276
2/21/16,225259
2/20/16,215552
2/19/16,212765
2/18/16,227403
2/17/16,218780
2/16/16,207397
2/15/16,188927
2/14/16,190560
2/13/16,202906
2/12/16,227463
2/11/16,233941
2/10/16,230799
2/9/16,220559
2/8/16,212134
2/7/16,232752
2/6/16,215910
2/5/16,201065
2/4/16,200087
2/3/16,231998
2/2/16,221764
2/1/16,168625
1/31/16,209984
1/30/16,222622
1/29/16,231454
1/28/16,226385
1/27/16,236175
1/26/16,210592
1/25/16,193572
1/24/16,200913
1/23/16,226106
1/22/16,210240
1/21/16,196033
1/20/16,205735
1/19/16,213934
1/18/16,192731
1/17/16,190301
1/16/16,185105
1/15/16,183390
1/14/16,191628
1/13/16,196656
1/12/16,179771
1/11/16,164687
1/10/16,178374
1/9/16,190001
1/8/16,177873
1/7/16,177478
1/6/16,187012
1/5/16,170176
1/4/16,141064
1/3/16,142904
1/2/16,123623
1/1/16,164132
12/31/15,181836
12/30/15,187040
12/29/15,166837
12/28/15,156554
12/27/15,170904
12/26/15,184124
12/25/15,227189
12/24/15,221289
12/23/15,223130
12/22/15,222112
12/21/15,191441
12/20/15,216944
12/19/15,214387
12/18/15,219600
12/17/15,222531
12/16/15,227706
12/15/15,221499
12/14/15,186151
12/13/15,211456
12/12/15,211198
12/11/15,211452
12/10/15,222503
12/9/15,192097
12/8/15,185788
12/7/15,179777
12/6/15,179777
12/5/15,200213
12/4/15,170317
12/3/15,177277
12/2/15,184404
12/1/15,172183
11/30/15,130758
11/29/15,171602
11/28/15,156739
11/27/15,164730
11/26/15,152463
11/25/15,150056
11/24/15,142698
11/23/15,126564
11/22/15,158852
11/21/15,155128
11/20/15,154561
11/19/15,168587
11/18/15,158254
11/17/15,150942
11/16/15,138467
11/15/15,156065
11/14/15,156988
11/13/15,154219
11/12/15,171159
11/11/15,154030
11/10/15,152795
11/9/15,134785
11/8/15,161595
11/7/15,165214
11/6/15,189326
11/5/15,211121
11/4/15,178027
11/3/15,159656
11/2/15,156648
11/1/15,155292
10/31/15,164938
10/30/15,165622
10/29/15,154774
10/28/15,141609
10/27/15,126041
10/26/15,128209
10/25/15,140827
10/24/15,146222
10/23/15,149891
10/22/15,161031
10/21/15,138080
10/20/15,136583
10/19/15,120858
10/18/15,120858
10/17/15,139308
10/16/15,143885
10/15/15,157228
10/14/15,136259
10/13/15,133757
10/12/15,126927
10/11/15,105878
10/10/15,128618
10/9/15,119490
10/8/15,139590
10/7/15,139516
10/6/15,142346
10/5/15,117528
10/4/15,100858
10/3/15,132880
10/2/15,135941
10/1/15,135885
9/30/15,141351
9/29/15,139440
9/28/15,130885
9/27/15,107256
9/26/15,130740
9/25/15,124822
9/24/15,134964
9/23/15,136822
9/22/15,124667
9/21/15,105933
9/20/15,117999
9/19/15,188330
9/18/15,241346
9/17/15,169059
9/16/15,165993
9/15/15,163531
9/14/15,139320
9/13/15,153538
9/12/15,165288
9/11/15,122783
9/10/15,128619
9/9/15,126751
9/8/15,119041
9/7/15,106101
9/6/15,137427
9/5/15,95408
9/4/15,137446
9/3/15,137743
9/2/15,140970
9/1/15,117985
8/31/15,92338
8/30/15,113722
8/29/15,121692
8/28/15,116334
8/27/15,125549
8/26/15,125060
8/25/15,117026
8/24/15,93783
8/23/15,107795
8/22/15,116311
8/21/15,116834
8/20/15,122864
8/19/15,120131
8/18/15,108249
8/17/15,86583
8/16/15,86583
8/15/15,106119
8/14/15,107950
8/13/15,118336
8/12/15,115754
8/11/15,116923
8/10/15,110686
8/9/15,88425
8/8/15,104420
8/7/15,124658
8/6/15,132494
8/5/15,130246
8/4/15,132719
8/3/15,118560
8/2/15,98976
8/1/15,163175
7/31/15,133640